Barcode,Cluster
AAACATACAACCAC-1,2
AAACATTGAGCTAC-1,5
AAACATTGATCAGC-1,2
AAACCGTGCTTCCG-1,1
AAACCGTGTATGCG-1,3
AAACGCACTGGTAC-1,2
AAACGCTGACCAGT-1,2
AAACGCTGGTTCTT-1,2
AAACGCTGTAGCCA-1,2
AAACGCTGTTTCTG-1,1
AAACTTGAAAAACG-1,5
AAACTTGATCCAGA-1,2
AAAGAGACGAGATA-1,2
AAAGAGACGCGAGA-1,1
AAAGAGACGGACTT-1,2
AAAGAGACGGCATT-1,2
AAAGATCTGGGCAA-1,1
AAAGCAGAAGCCAT-1,2
AAAGCAGATATCGG-1,1
AAAGCCTGTATGCG-1,2
AAAGGCCTGTCTAG-1,5
AAAGTTTGATCACG-1,5
AAAGTTTGGGGTGA-1,5
AAAGTTTGTAGAGA-1,2
AAAGTTTGTAGCGT-1,1
AAATCAACAATGCC-1,5
AAATCAACACCAGT-1,2
AAATCAACCAGGAG-1,2
AAATCAACCCTATT-1,1
AAATCAACGGAAGC-1,2
AAATCAACTCGCAA-1,2
AAATCATGACCACA-1,1
AAATCCCTCCACAA-1,2
AAATCCCTGCTATG-1,5
AAATGTTGAACGAA-1,1
AAATGTTGCCACAA-1,2
AAATGTTGTGGCAT-1,1
AAATTCGAAGGTTC-1,2
AAATTCGAATCACG-1,1
AAATTCGAGCTGAT-1,1
AAATTCGAGGAGTG-1,2
AAATTCGATTCTCA-1,3
AAATTGACACGACT-1,2
AAATTGACTCGCTC-1,2
AACAAACTCATTTC-1,2
AACAAACTTTCGTT-1,2
AACAATACGACGAG-1,2
AACACGTGCAGAGG-1,2
AACACGTGGAAAGT-1,2
AACACGTGGAACCT-1,1
AACACGTGGCTACA-1,2
AACACGTGTACGAC-1,1
AACAGCACAAGAGT-1,1
AACATTGATGGGAG-1,1
AACCAGTGATACCG-1,1
AACCCAGATCGCTC-1,2
AACCGATGCTCCCA-1,2
AACCGATGGTCATG-1,5
AACCGATGTTCTAC-1,1
AACCGCCTAGCGTT-1,2
AACCGCCTCTACGA-1,1
AACCTACTGTGAGG-1,1
AACCTACTGTGTTG-1,2
AACCTTACGAGACG-1,2
AACCTTACGCGAGA-1,3
AACCTTACTAACGC-1,1
AACCTTTGGACGGA-1,2
AACCTTTGTACGCA-1,1
AACGCAACAAGTAG-1,2
AACGCATGACCCAA-1,2
AACGCATGCCTTCG-1,2
AACGCATGTACTTC-1,2
AACGCCCTCGGGAA-1,2
AACGCCCTCGTACA-1,3
AACGCCCTGCTTAG-1,5
AACGCCCTGGCATT-1,2
AACGTCGAGTATCG-1,3
AACGTGTGAAAGCA-1,2
AACGTGTGGCGGAA-1,5
AACGTGTGTCCAAG-1,2
AACGTGTGTGCTTT-1,2
AACTACCTTAGAGA-1,2
AACTCACTCAAGCT-1,1
AACTCACTTGGAGG-1,1
AACTCGGAAAGTGA-1,2
AACTCGGAAGGTCT-1,1
AACTCTTGCAGGAG-1,2
AACTGTCTCCCTTG-1,1
AACTTGCTACGCTA-1,5
AACTTGCTGGGACA-1,2
AAGAACGAGTGTTG-1,2
AAGAAGACGTAGGG-1,5
AAGACAGAAGTCTG-1,5
AAGACAGAGGATCT-1,2
AAGACAGATTACCT-1,1
AAGAGATGGGTAGG-1,5
AAGATGGAAAACAG-1,5
AAGATGGAGAACTC-1,1
AAGATGGAGATAAG-1,1
AAGATTACAACCTG-1,2
AAGATTACAGATCC-1,1
AAGATTACCCGTTC-1,1
AAGATTACCGCCTT-1,1
AAGATTACCTCAAG-1,3
AAGATTACTCCTCG-1,1
AAGCAAGAGCGAGA-1,2
AAGCAAGAGCTTAG-1,3
AAGCAAGAGGTGTT-1,3
AAGCACTGAGCAAA-1,5
AAGCACTGCATACG-1,2
AAGCACTGGTTCTT-1,5
AAGCCAACGTGTTG-1,2
AAGCCATGAACTGC-1,1
AAGCCATGACACGT-1,1
AAGCCATGCGTGAT-1,2
AAGCCATGTCTCGC-1,2
AAGCCTGACATGCA-1,2
AAGCCTGACCGAAT-1,1
AAGCGACTCCTCAC-1,1
AAGCGACTGTGTCA-1,2
AAGCGACTTACAGC-1,5
AAGCGACTTTGACG-1,1
AAGCGTACGTCTTT-1,2
AAGGCTTGCGAACT-1,2
AAGGTCACGGTTAC-1,1
AAGGTCACTGTTTC-1,5
AAGGTCACTTCCCG-1,2
AAGGTCTGACAGTC-1,2
AAGGTCTGCAGATC-1,2
AAGGTCTGGTATGC-1,1
AAGTAACTCTGAAC-1,1
AAGTAACTGAGATA-1,5
AAGTAGGATACAGC-1,3
AAGTATACCGAACT-1,2
AAGTCCGACTTGTT-1,2
AAGTCCGATAGAAG-1,2
AAGTCTCTAGTCGT-1,2
AAGTCTCTCGGAGA-1,2
AAGTGGCTTGGAGG-1,5
AAGTTCCTCATTCT-1,1
AAGTTCCTTCTTAC-1,2
AATAAGCTCGAATC-1,2
AATAAGCTCGTTGA-1,2
AATACCCTGGACGA-1,5
AATACCCTGGCATT-1,2
AATACTGAAAGGGC-1,3
AATACTGAATTGGC-1,3
AATAGGGAACCCTC-1,5
AATAGGGAGAATGA-1,2
AATCAAACTATCGG-1,2
AATCCGGAATGCTG-1,5
AATCCTACCGGTAT-1,2
AATCCTTGACGGGA-1,1
AATCCTTGGTGAGG-1,3
AATCGGTGGAACTC-1,3
AATCGGTGTGCTTT-1,2
AATCTAGAAAAGTG-1,2
AATCTAGAATCGGT-1,2
AATCTCACAGCCTA-1,1
AATCTCACTCTAGG-1,2
AATCTCTGAACAGA-1,2
AATCTCTGCTTTAC-1,3
AATGATACACCAAC-1,3
AATGATACGGTCAT-1,1
AATGCGTGACACCA-1,5
AATGCGTGGACGGA-1,1
AATGCGTGGCTATG-1,5
AATGGAGAATCGTG-1,1
AATGGAGATCCTTA-1,2
AATGGCTGACACCA-1,5
AATGGCTGCGTGAT-1,2
AATGGCTGTAAAGG-1,2
AATGGCTGTACTCT-1,3
AATGGCTGTGAAGA-1,2
AATGTAACGGTGGA-1,2
AATGTAACGTTTGG-1,2
AATGTCCTCTTCTA-1,2
AATGTTGACAGTCA-1,2
AATGTTGAGTTGAC-1,1
AATGTTGATCTACT-1,2
AATTACGAATTCCT-1,1
AATTACGACTTCTA-1,2
AATTACGAGTAGCT-1,3
AATTACGAGTGAGG-1,2
AATTACGATTGGCA-1,5
AATTCCTGCTCAGA-1,5
AATTGATGTCGCAA-1,1
AATTGTGACTTGGA-1,5
ACAAAGGAGGGTGA-1,2
ACAAATTGATTCTC-1,1
ACAAATTGCTCAGA-1,1
ACAAATTGTTGCGA-1,3
ACAACCGAGGGATG-1,3
ACAACCGAGTTACG-1,2
ACAAGAGAAGTCGT-1,1
ACAAGAGACTTATC-1,2
ACAAGAGAGTTGAC-1,5
ACAATCCTAACCGT-1,2
ACAATCCTTAGCGT-1,5
ACAATTGACTGACA-1,2
ACAATTGATGACTG-1,3
ACACAGACACCTGA-1,1
ACACAGACCATACG-1,3
ACACCAGAGGGCAA-1,2
ACACCCTGGTGTTG-1,3
ACACGAACAGTTCG-1,2
ACACGATGACGCAT-1,3
ACACGATGATGTGC-1,1
ACACGATGTCGTAG-1,2
ACACGATGTGGTCA-1,2
ACAGACACGGCATT-1,2
ACAGACACGTTGTG-1,2
ACAGCAACACCTAG-1,1
ACAGCAACCTCAAG-1,1
ACAGGTACCCCACT-1,2
ACAGGTACGCTGTA-1,2
ACAGGTACTGGTGT-1,3
ACAGTCGACCCAAA-1,2
ACAGTCGACCGATA-1,3
ACAGTGACTCACCC-1,2
ACAGTGACTCTATC-1,2
ACAGTGTGGTCACA-1,2
ACAGTGTGTTGCGA-1,1
ACATCACTCTACTT-1,1
ACATGGTGAAGCCT-1,2
ACATGGTGCAACCA-1,5
ACATGGTGCGAGTT-1,2
ACATGGTGCGTTGA-1,2
ACATTCTGGCATAC-1,2
ACATTCTGGGAACG-1,1
ACCAACGACATGCA-1,2
ACCACAGAAAGTAG-1,2
ACCACAGAGTTGGT-1,2
ACCACCTGTGTGCA-1,2
ACCACGCTACAGCT-1,2
ACCACGCTACCCAA-1,2
ACCACGCTGCGAGA-1,2
ACCACGCTGCTGTA-1,2
ACCAGCCTGACAGG-1,2
ACCAGTGAACGGTT-1,5
ACCAGTGAATACCG-1,1
ACCAGTGAGGGATG-1,2
ACCAGTGATGACTG-1,1
ACCATTACCTTCTA-1,2
ACCATTACGAGATA-1,3
ACCATTTGTCATTC-1,2
ACCCAAGAACTGTG-1,3
ACCCAAGAATTCCT-1,1
ACCCAAGAGGACAG-1,2
ACCCAAGATTCACT-1,5
ACCCACTGCGCCTT-1,1
ACCCACTGGACAGG-1,2
ACCCACTGGTTCAG-1,4
ACCCACTGTCGTAG-1,1
ACCCAGCTCAGAAA-1,2
ACCCAGCTGTTAGC-1,1
ACCCAGCTTGCTTT-1,2
ACCCGTTGATGACC-1,5
ACCCGTTGCTGCAA-1,2
ACCCGTTGCTTCTA-1,2
ACCCTCGACCTATT-1,2
ACCCTCGACGGTAT-1,5
ACCCTCGATAAGGA-1,1
ACCCTCGATCAAGC-1,1
ACCGTGCTACCAGT-1,2
ACCGTGCTGGAACG-1,5
ACCTATTGCTGAGT-1,5
ACCTATTGTGCCCT-1,1
ACCTCCGAGTCCTC-1,2
ACCTCCGATATGCG-1,2
ACCTCCGATGCTGA-1,2
ACCTCGTGAACCAC-1,2
ACCTGAGATATCGG-1,1
ACCTGGCTAAGTAG-1,3
ACCTGGCTGTCTTT-1,1
ACCTTTGACTCCCA-1,1
ACCTTTGAGGAACG-1,1
ACCTTTGAGGAAGC-1,1
ACGAACACCTTGTT-1,3
ACGAACTGGCTATG-1,4
ACGAAGCTCTCCAC-1,2
ACGAAGCTCTGAGT-1,5
ACGACCCTATCTCT-1,1
ACGACCCTGATGAA-1,2
ACGACCCTTGACAC-1,5
ACGACCCTTGACCA-1,2
ACGAGGGACAGGAG-1,1
ACGAGGGACGAACT-1,2
ACGAGGGATGTAGC-1,2
ACGAGTACCCTAAG-1,5
ACGAGTACGAATCC-1,5
ACGATCGAGGACTT-1,2
ACGATCGAGTCACA-1,1
ACGATGACAATGCC-1,2
ACGATGACTGGTCA-1,2
ACGATTCTACGGGA-1,2
ACGCAATGGTTCAG-1,3
ACGCACCTGTTAGC-1,5
ACGCCACTGAACTC-1,1
ACGCCGGAAACCAC-1,1
ACGCCGGAAAGCCT-1,2
ACGCCGGAAATGCC-1,2
ACGCCTTGCTCCCA-1,1
ACGCGGTGGCGAGA-1,2
ACGCGGTGTGTGGT-1,5
ACGCGGTGTTTGCT-1,3
ACGCTCACAGTACC-1,2
ACGCTCACCCTTGC-1,2
ACGCTGCTGTTCTT-1,3
ACGGAACTCAGATC-1,3
ACGGAACTGTCGTA-1,1
ACGGAGGACTCTTA-1,1
ACGGATTGGGAGGT-1,5
ACGGATTGGTTAGC-1,2
ACGGCTCTGAGCAG-1,2
ACGGCTCTTGCACA-1,2
ACGGTAACCGCTAA-1,2
ACGGTAACCTTCGC-1,2
ACGGTAACGGTGGA-1,2
ACGGTAACTCGCAA-1,2
ACGGTATGAGTCGT-1,1
ACGGTATGGGTATC-1,5
ACGGTATGGTTGTG-1,5
ACGGTCCTAACGGG-1,2
ACGGTCCTCGGGAA-1,2
ACGTAGACAACCAC-1,2
ACGTAGACTACAGC-1,5
ACGTCAGAAACGAA-1,2
ACGTCAGAGAGCTT-1,1
ACGTCAGAGGGATG-1,2
ACGTCCTGATAAGG-1,1
ACGTCCTGTGAACC-1,1
ACGTCGCTCCTGAA-1,3
ACGTCGCTCTATTC-1,1
ACGTCGCTTCTCAT-1,5
ACGTGATGCCATGA-1,1
ACGTGATGGGTCTA-1,2
ACGTGATGTAACCG-1,1
ACGTGATGTGACAC-1,3
ACGTGCCTCCGTAA-1,2
ACGTGCCTTCTATC-1,2
ACGTTACTTTCCAT-1,2
ACGTTGGAAAAGCA-1,2
ACGTTGGAAACCTG-1,2
ACGTTGGACCGTAA-1,1
ACGTTGGAGCCAAT-1,3
ACGTTGGATATGGC-1,5
ACGTTGGATCAGGT-1,1
ACGTTTACATCAGC-1,2
ACTAAAACCCACAA-1,2
ACTAAAACTCGACA-1,1
ACTACGGAATTTCC-1,2
ACTACGGACCTATT-1,2
ACTACGGATCGCTC-1,2
ACTACTACTAAGGA-1,2
ACTAGGTGGAACCT-1,2
ACTAGGTGGAACTC-1,2
ACTATCACCTTGGA-1,3
ACTATCACTGCCAA-1,2
ACTCAGGACTGAAC-1,2
ACTCAGGATCTATC-1,5
ACTCAGGATTCGTT-1,1
ACTCCTCTCAACTG-1,2
ACTCGCACGAAAGT-1,1
ACTCGCACTACGAC-1,1
ACTCTCCTGACACT-1,2
ACTCTCCTGCATAC-1,2
ACTCTCCTGTTTGG-1,2
ACTGAGACAACCAC-1,2
ACTGAGACCCATAG-1,1
ACTGAGACGTTGGT-1,5
ACTGCCACACACGT-1,2
ACTGCCACTCCGTC-1,3
ACTGGCCTTCAGTG-1,3
ACTGTGGACGTGTA-1,3
ACTGTGGATCTAGG-1,5
ACTGTTACCCACAA-1,1
ACTGTTACTGCAGT-1,2
ACTTAAGAACCACA-1,2
ACTTAAGACCACAA-1,2
ACTTAAGATTACTC-1,1
ACTTAGCTGCGTAT-1,1
ACTTAGCTGGGAGT-1,2
ACTTCAACAAGCAA-1,3
ACTTCAACGTAGGG-1,3
ACTTCCCTTTCCGC-1,2
ACTTCTGACATGCA-1,5
ACTTGACTCCACAA-1,5
ACTTGGGAGAAAGT-1,1
ACTTGGGAGGTTTG-1,2
ACTTGGGATGTGAC-1,1
ACTTGGGATTGACG-1,1
ACTTGTACCCGAAT-1,2
ACTTGTACCTGTCC-1,2
ACTTTGTGCGATAC-1,2
ACTTTGTGGAAAGT-1,2
ACTTTGTGGATAGA-1,1
AGAAACGAAAGTAG-1,5
AGAAAGTGCGCAAT-1,2
AGAAAGTGGGGATG-1,1
AGAACAGAAATGCC-1,3
AGAACAGACGACTA-1,5
AGAACAGAGACAAA-1,2
AGAACGCTTTGCTT-1,2
AGAAGATGTGACTG-1,2
AGAATGGAAGAAGT-1,2
AGAATTTGTAACCG-1,2
AGAATTTGTAGAGA-1,2
AGACACACTGTAGC-1,2
AGACACTGTCAAGC-1,1
AGACCTGAAGTAGA-1,1
AGACCTGACCAACA-1,2
AGACCTGAGGAAGC-1,2
AGACGTACAGAGGC-1,2
AGACGTACCCCTAC-1,5
AGACGTACCTCTTA-1,1
AGACGTACTCGTGA-1,1
AGACTGACCATCAG-1,2
AGACTGACCCTTTA-1,2
AGACTTCTCATGCA-1,5
AGAGATGACAGTCA-1,5
AGAGATGACTGAAC-1,2
AGAGATGAGGTTTG-1,1
AGAGATGATCTCGC-1,5
AGAGATGATTGTGG-1,2
AGAGCGGAGGCAAG-1,1
AGAGGTCTACAGCT-1,3
AGAGTCTGGTCGTA-1,1
AGAGTGCTCAGCTA-1,2
AGAGTGCTCGAATC-1,2
AGAGTGCTGTCATG-1,2
AGAGTGCTGTCCTC-1,2
AGAGTGCTGTGTTG-1,5
AGATATACCCGTAA-1,3
AGATATACGATGAA-1,2
AGATATACTGTTCT-1,5
AGATATTGCCTACC-1,2
AGATATTGGCCAAT-1,1
AGATCGTGTCTGGA-1,1
AGATCGTGTTTGTC-1,5
AGATCTCTATCACG-1,5
AGATTAACGTTCTT-1,1
AGATTCCTATCGTG-1,2
AGATTCCTCACTTT-1,1
AGATTCCTGACGAG-1,1
AGATTCCTGTTCAG-1,3
AGCAAAGATATGCG-1,2
AGCACAACAGTCTG-1,2
AGCACTGAGGGAGT-1,2
AGCACTGATATGCG-1,2
AGCACTGATGCTTT-1,1
AGCACTGATTGCGA-1,2
AGCATCGAAGATCC-1,2
AGCATCGAAGGGTG-1,5
AGCATCGAGCTTCC-1,1
AGCATCGAGTGAGG-1,2
AGCATCGATAACCG-1,1
AGCATGACGATGAA-1,2
AGCCAATGGGGAGT-1,1
AGCCAATGTATCTC-1,2
AGCCACCTGGATCT-1,2
AGCCGGTGCCAATG-1,2
AGCCGGTGTGTTTC-1,2
AGCCGTCTCAATCG-1,2
AGCCGTCTGAGAGC-1,2
AGCCTCACGTTCGA-1,2
AGCCTCACTGTCAG-1,1
AGCCTCTGCAGTTG-1,5
AGCCTCTGCCAATG-1,3
AGCGAACTGGATCT-1,2
AGCGAACTTACTGG-1,2
AGCGATACGGAGCA-1,2
AGCGATTGAGATCC-1,3
AGCGCCGAATCTCT-1,2
AGCGCCGACAGAGG-1,2
AGCGCTCTACCTTT-1,2
AGCGGCACCGGGAA-1,2
AGCGGCTGATGTGC-1,2
AGCGGGCTTGCCAA-1,2
AGCGTAACATGCTG-1,2
AGCGTAACTGAGAA-1,1
AGCTCGCTACTGGT-1,2
AGCTCGCTCTGCTC-1,2
AGCTGAACCATACG-1,1
AGCTGAACCTCTCG-1,2
AGCTGCCTTGGGAG-1,1
AGCTGCCTTTCATC-1,2
AGCTGCCTTTCTGT-1,2
AGCTGTGATCCAAG-1,2
AGCTTTACAAGTAG-1,2
AGCTTTACACCAAC-1,2
AGCTTTACTCTCAT-1,5
AGGAAATGAGGAGC-1,2
AGGAACCTCTTAGG-1,1
AGGAACCTTGCCTC-1,2
AGGAATGATAACGC-1,2
AGGAATGATTTGTC-1,2
AGGAGTCTGGTTTG-1,2
AGGAGTCTTGTCAG-1,2
AGGATAGACATTTC-1,2
AGGATAGAGGATTC-1,3
AGGATGCTACTAGC-1,5
AGGATGCTTTAGGC-1,3
AGGCAACTGAAGGC-1,2
AGGCAGGAGTACCA-1,2
AGGCCTCTAGTCGT-1,2
AGGCCTCTCGGAGA-1,2
AGGCCTCTCGTAAC-1,2
AGGGACGACGTTGA-1,2
AGGGACGAGTCAAC-1,3
AGGGACGAGTTGTG-1,2
AGGGACGATAGAGA-1,2
AGGGACGATGCATG-1,3
AGGGAGTGAGCCTA-1,2
AGGGCCACCATACG-1,2
AGGGCGCTAACCAC-1,1
AGGGCGCTATGGTC-1,2
AGGGTGGACAGTCA-1,5
AGGGTGGACTCAAG-1,1
AGGGTGGAGTTGCA-1,2
AGGGTTTGTTCATC-1,1
AGGTCATGAGTGTC-1,5
AGGTCATGCTTATC-1,2
AGGTCTGATTCTCA-1,1
AGGTGGGAAGAATG-1,2
AGGTGGGAAGTTCG-1,2
AGGTGTTGGTTACG-1,5
AGGTTCGAACCTCC-1,1
AGGTTCGAACGTAC-1,1
AGGTTCGAGGGTGA-1,2
AGTAAGGAGTTTGG-1,2
AGTAAGGATTCTTG-1,2
AGTAATACATCACG-1,3
AGTAATACCGAACT-1,5
AGTAATTGTCCCAC-1,2
AGTACGTGAGGGTG-1,2
AGTACGTGCTGCAA-1,2
AGTACGTGCTTGGA-1,2
AGTACTCTACGTGT-1,5
AGTACTCTCAACCA-1,3
AGTACTCTCGGTAT-1,2
AGTAGGCTTGCCTC-1,1
AGTATAACTTGTCT-1,1
AGTATCCTAGAACA-1,2
AGTCACGATGAGCT-1,3
AGTCAGACGAATAG-1,2
AGTCAGACGCTTAG-1,2
AGTCAGACTAGAGA-1,2
AGTCAGACTGCACA-1,2
AGTCCAGATATCTC-1,2
AGTCCAGATTTCAC-1,2
AGTCGAACCAACCA-1,2
AGTCGCCTCCGTAA-1,2
AGTCTACTAGGGTG-1,1
AGTCTACTTGCATG-1,1
AGTCTTACACCACA-1,2
AGTCTTACTTCGCC-1,2
AGTCTTACTTCGGA-1,4
AGTGACTGCAACTG-1,1
AGTGTTCTAACCTG-1,2
AGTGTTCTATAAGG-1,2
AGTGTTCTCACTTT-1,1
AGTTAAACCACTTT-1,2
AGTTATGAACAGTC-1,1
AGTTATGACTGAGT-1,2
AGTTATGAGTTCAG-1,2
AGTTCTACCAGCTA-1,1
AGTTCTTGAAGCCT-1,2
AGTTGTCTACTACG-1,2
AGTTTAGATGGTCA-1,2
AGTTTCACGGTCTA-1,3
AGTTTGCTACAGTC-1,2
AGTTTGCTACTGGT-1,3
AGTTTGCTCCAAGT-1,2
ATAAACACAGTGCT-1,5
ATAAACACCACCAA-1,2
ATAACAACATGCTG-1,1
ATAACAACGTCTAG-1,2
ATAACAACTTTGTC-1,2
ATAACATGTACTCT-1,2
ATAACCCTGTTGGT-1,2
ATAACCCTTGGTAC-1,2
ATAAGTACGAATGA-1,5
ATAAGTTGGTACGT-1,1
ATAAGTTGTCTAGG-1,2
ATAATCGAGCTGAT-1,5
ATAATCGATGGTTG-1,2
ATAATGACCTACTT-1,2
ATAATGACTCGTGA-1,1
ATACAATGTTAGGC-1,2
ATACCACTCGTACA-1,1
ATACCACTCTAAGC-1,1
ATACCACTGCCAAT-1,3
ATACCGGAATGCTG-1,1
ATACCGGACATTTC-1,1
ATACCGGACTTCGC-1,2
ATACCGGAGGTGTT-1,1
ATACCGGATCTCGC-1,2
ATACCTACGCATCA-1,2
ATACCTTGGGGCAA-1,2
ATACGGACAGACTC-1,1
ATACGGACCTACTT-1,1
ATACGGACGAGGTG-1,5
ATACGGACTATGCG-1,5
ATACGGACTCTGGA-1,1
ATACGTCTTAACGC-1,1
ATACTCTGCTTCGC-1,1
ATACTCTGGTATGC-1,3
ATAGATACCATGGT-1,2
ATAGATACGACGAG-1,2
ATAGATTGGTGTAC-1,5
ATAGCCGAACGGAG-1,2
ATAGCGTGCAGATC-1,2
ATAGCGTGCCCTTG-1,1
ATAGCGTGGTATCG-1,1
ATAGCGTGTCTCTA-1,2
ATAGCTCTCTGATG-1,2
ATAGCTCTGAGGTG-1,2
ATAGGAGAAACAGA-1,1
ATAGGCTGTCAGAC-1,2
ATAGTCCTAGTGTC-1,1
ATAGTCCTTGCATG-1,2
ATAGTCCTTGTCGA-1,2
ATAGTTGACAACTG-1,2
ATAGTTGACCCTCA-1,1
ATAGTTGAGACGTT-1,2
ATAGTTGATAAGCC-1,2
ATATACGAAGCCAT-1,2
ATATACGAATTGGC-1,2
ATATAGTGGAATGA-1,1
ATATGCCTAGATCC-1,1
ATATGCCTGGACAG-1,2
ATATGCCTTCTCTA-1,2
ATATGCCTTGGTAC-1,2
ATCAAATGAGCCTA-1,1
ATCAAATGGGTAAA-1,1
ATCAACCTAAACGA-1,2
ATCAACCTGAGGAC-1,2
ATCAACCTTCTCTA-1,3
ATCAACCTTTGTCT-1,2
ATCACACTTTGTCT-1,2
ATCACGGATTGCTT-1,1
ATCACGGATTTCGT-1,5
ATCATCTGACACCA-1,4
ATCATGCTAGAGTA-1,2
ATCATGCTGAACCT-1,5
ATCCAGGACGCTAA-1,1
ATCCAGGATGGAAA-1,2
ATCCATACTCCTTA-1,1
ATCCATACTTCATC-1,1
ATCCCGTGCAGTCA-1,3
ATCCCGTGCATGCA-1,5
ATCCCGTGGCTGAT-1,5
ATCCGCACGCATCA-1,5
ATCCTAACGACGGA-1,5
ATCCTAACGCTACA-1,2
ATCGACGAAACTGC-1,1
ATCGACGAATGACC-1,2
ATCGAGTGGACGTT-1,3
ATCGCAGAATCTCT-1,1
ATCGCAGAGTGTCA-1,5
ATCGCCACTGAGGG-1,2
ATCGCCTGGGTCAT-1,2
ATCGCCTGTGGCAT-1,5
ATCGCGCTCAGAGG-1,1
ATCGCGCTGGGATG-1,2
ATCGCGCTTTTCGT-1,5
ATCGGAACCAGTCA-1,2
ATCGGTGAGTCAAC-1,2
ATCGGTGATTGCAG-1,2
ATCGTTTGCCTACC-1,1
ATCGTTTGGGTACT-1,1
ATCGTTTGTGCCAA-1,1
ATCTACACCCGCTT-1,1
ATCTACACCGGGAA-1,2
ATCTCAACAGGAGC-1,5
ATCTCAACCTCGAA-1,2
ATCTCAACCTTGTT-1,1
ATCTGGGAAACCAC-1,1
ATCTGGGAAGTGTC-1,1
ATCTGGGATTCCGC-1,2
ATCTGTTGAACGGG-1,2
ATCTGTTGACCTCC-1,2
ATCTGTTGCCTTCG-1,1
ATCTGTTGGTTGCA-1,2
ATCTTGACACCAAC-1,2
ATCTTGACCTCCCA-1,1
ATCTTTCTGCATCA-1,2
ATCTTTCTGTTTCT-1,2
ATCTTTCTTGTCCC-1,3
ATGAAACTCTGTGA-1,2
ATGAAACTGAGGCA-1,2
ATGAAGGAACAGCT-1,2
ATGAAGGACCTGTC-1,5
ATGAAGGACCTTAT-1,5
ATGAAGGACTAGTG-1,5
ATGAAGGACTTGCC-1,3
ATGACGTGACGACT-1,5
ATGACGTGATCGGT-1,1
ATGAGAGAAAGTGA-1,2
ATGAGAGAACGCAT-1,2
ATGAGAGAAGTAGA-1,5
ATGAGCACACAGCT-1,2
ATGAGCACATCTTC-1,2
ATGATAACTTCACT-1,3
ATGATATGAAACAG-1,2
ATGATATGACTGGT-1,2
ATGATATGAGCACT-1,2
ATGATATGGTCATG-1,2
ATGATATGGTGCTA-1,3
ATGATATGTTGTCT-1,1
ATGCACGAATGTCG-1,5
ATGCACGACTGTAG-1,2
ATGCACGAGAACCT-1,5
ATGCACGAGTTCGA-1,2
ATGCACGATTGGTG-1,1
ATGCAGTGTTACCT-1,5
ATGCAGTGTTCTAC-1,2
ATGCCAGAACGACT-1,2
ATGCCAGACAGTCA-1,1
ATGCCGCTTGAACC-1,1
ATGCGATGCTATGG-1,1
ATGCGATGCTGAGT-1,2
ATGCGATGGTTACG-1,5
ATGCGCCTTCATTC-1,2
ATGCTTTGCGAATC-1,2
ATGCTTTGGGCGAA-1,2
ATGCTTTGTAGTCG-1,5
ATGGACACATCGGT-1,2
ATGGACACGCATCA-1,3
ATGGGTACAACCTG-1,5
ATGGGTACATCGGT-1,3
ATGGGTACTATTCC-1,2
ATGGGTACTGGGAG-1,2
ATGTAAACACCTCC-1,2
ATGTAAACCCGCTT-1,2
ATGTAAACGGGATG-1,1
ATGTAAACTCTCCG-1,2
ATGTAAACTTCACT-1,1
ATGTACCTCAGTCA-1,2
ATGTACCTTAGTCG-1,2
ATGTACCTTTATCC-1,1
ATGTACCTTTCACT-1,3
ATGTCACTAATGCC-1,1
ATGTCACTCTGCTC-1,2
ATGTCGGAGGTGAG-1,2
ATGTTCACAGTCTG-1,1
ATGTTCACCGTAGT-1,2
ATGTTGCTTTCAGG-1,2
ATTAACGATGAGAA-1,3
ATTAACGATGCAAC-1,3
ATTAAGACTGCAGT-1,2
ATTACCTGCCTTAT-1,1
ATTACCTGGAGGAC-1,1
ATTACCTGGGCATT-1,5
ATTAGATGTTTCAC-1,2
ATTATGGAATCTCT-1,2
ATTCAAGAACGGGA-1,2
ATTCAAGACCTTTA-1,2
ATTCAGCTCATTGG-1,4
ATTCCAACCATTGG-1,1
ATTCCAACTTAGGC-1,3
ATTCGACTCACTAG-1,2
ATTCGACTGAATAG-1,1
ATTCGACTTTTGTC-1,1
ATTCGGGAAAGGCG-1,1
ATTCGGGATTAGGC-1,2
ATTCTTCTGATACC-1,2
ATTGAATGGACGGA-1,2
ATTGATGAAGGTTC-1,2
ATTGATGACTGAGT-1,2
ATTGATGAGCGAAG-1,2
ATTGATGATCTATC-1,2
ATTGCACTGACGGA-1,2
ATTGCACTGAGAGC-1,1
ATTGCACTGGAGCA-1,1
ATTGCACTTAGCCA-1,2
ATTGCACTTGCTTT-1,1
ATTGCTTGTTACTC-1,5
ATTGGTCTGACTAC-1,5
ATTGGTCTTGTCTT-1,5
ATTGTAGATTCCCG-1,1
ATTGTAGATTGCAG-1,2
ATTGTCTGCGTACA-1,2
ATTTAGGAACCATG-1,1
ATTTAGGACAGAGG-1,2
ATTTCCGAGATGAA-1,2
ATTTCCGAGTGCTA-1,2
ATTTCGTGTATGGC-1,3
ATTTCTCTACTTTC-1,1
ATTTCTCTAGCAAA-1,2
ATTTCTCTCACTTT-1,1
ATTTCTCTTCCCAC-1,2
ATTTGCACAAGATG-1,1
CAAAGCACAGCTCA-1,2
CAAAGCACCGTAAC-1,5
CAAAGCACGGTAAA-1,3
CAAAGCTGAAAGTG-1,2
CAAAGCTGTTGCTT-1,1
CAAATATGTGACAC-1,2
CAAATTGAGGGCAA-1,2
CAAATTGATGGAGG-1,1
CAACCAGAAAAGTG-1,2
CAACCAGAAGTGCT-1,2
CAACCAGAGTTCAG-1,1
CAACCAGATAGAAG-1,1
CAACCGCTGTTCAG-1,2
CAACCGCTTTGAGC-1,2
CAACGATGCGCAAT-1,1
CAACGTGACTCCAC-1,1
CAACGTGAGCCATA-1,3
CAACGTGATCAAGC-1,1
CAAGAAGACCACAA-1,2
CAAGAAGACGTCTC-1,1
CAAGAAGATTCTAC-1,2
CAAGACTGACCTGA-1,5
CAAGACTGAGTAGA-1,5
CAAGCTGACCATAG-1,1
CAAGCTGATCTATC-1,3
CAAGGACTGTTCAG-1,2
CAAGGACTTCTTTG-1,2
CAAGGTTGCTCCAC-1,2
CAAGGTTGTCATTC-1,5
CAAGGTTGTCTGGA-1,3
CAAGTCGAAACAGA-1,5
CAAGTCGATAGCGT-1,1
CAATAAACGCCATA-1,1
CAATAATGAACTGC-1,1
CAATATGACATGGT-1,2
CAATATGACCTTCG-1,3
CAATATGACGTTAG-1,2
CAATATGAGGAGCA-1,2
CAATCGGAGAAACA-1,2
CAATCTACTGACTG-1,3
CAATTCACCCAACA-1,3
CAATTCACGATAGA-1,2
CAATTCACTTGTGG-1,2
CAATTCTGCTTGTT-1,1
CAATTCTGGCGTAT-1,1
CACAACGATACGAC-1,2
CACAATCTTGTTCT-1,2
CACAATCTTTCCAT-1,2
CACACCTGCTTGAG-1,2
CACACCTGTATGGC-1,2
CACAGAACCCTTGC-1,2
CACAGAACCTGATG-1,2
CACAGATGGGATTC-1,2
CACAGATGGTTTCT-1,1
CACAGCCTGATACC-1,2
CACAGCCTTGCCAA-1,1
CACAGCCTTGTAGC-1,2
CACAGTGATGAAGA-1,1
CACATACTACAGCT-1,2
CACATGGAACACGT-1,2
CACATGGAAGTCGT-1,2
CACCACTGCCAACA-1,2
CACCACTGGCGAAG-1,3
CACCCATGTTCTGT-1,2
CACCGGGAATCGAC-1,2
CACCGGGACGAGAG-1,2
CACCGGGACGTGTA-1,2
CACCGGGACTTCTA-1,3
CACCGGGACTTGCC-1,2
CACCGGGATTCGGA-1,3
CACCGTACTAAGGA-1,5
CACCGTACTAGCGT-1,2
CACCTGACACCCAA-1,3
CACCTGACCAGAAA-1,2
CACCTGACCTCAAG-1,2
CACCTGACGAAAGT-1,5
CACCTGACTCGTAG-1,2
CACGAAACTTCCGC-1,5
CACGACCTCGATAC-1,5
CACGCTACAGAAGT-1,2
CACGCTACTGTTCT-1,5
CACGCTACTTGACG-1,1
CACGGGACAGAGTA-1,2
CACGGGACATAAGG-1,2
CACGGGACGTAGGG-1,2
CACGGGTGCTTCGC-1,3
CACGGGTGGAGGAC-1,3
CACGGGTGTGTTTC-1,2
CACTAACTCCTAAG-1,5
CACTAACTGAAAGT-1,2
CACTAGGATGATGC-1,5
CACTATACCCCGTT-1,5
CACTATACGTTTGG-1,3
CACTGAGACAGTCA-1,1
CACTGCACTTCATC-1,2
CACTGCTGAGACTC-1,1
CACTGCTGGAAAGT-1,2
CACTTAACCGAATC-1,2
CACTTAACCGTACA-1,5
CACTTTGACTCTAT-1,2
CACTTTGAGCTGTA-1,2
CAGAAGCTCTCAAG-1,2
CAGACATGAACGGG-1,2
CAGACATGTCGACA-1,2
CAGACCCTAAGGTA-1,1
CAGACCCTAATGCC-1,2
CAGACCCTAGGAGC-1,2
CAGACTGAGTATGC-1,2
CAGATCGAATGTCG-1,5
CAGATCGACCTGAA-1,2
CAGATCGATATGGC-1,2
CAGATGACATTCTC-1,3
CAGCAATGCCTTCG-1,2
CAGCAATGGAGGGT-1,3
CAGCAATGGTGCTA-1,2
CAGCAATGTCTACT-1,1
CAGCAATGTGACCA-1,2
CAGCAATGTGAGGG-1,1
CAGCACCTAAGCCT-1,2
CAGCACCTAGGCGA-1,2
CAGCACCTGTAGGG-1,1
CAGCATGACAACCA-1,1
CAGCATGAGACGTT-1,2
CAGCCTACCCAACA-1,2
CAGCCTTGCTACCC-1,1
CAGCCTTGGGGACA-1,2
CAGCGGACACCCTC-1,2
CAGCGGACCTTTAC-1,3
CAGCGTCTAAAGCA-1,2
CAGCGTCTTATCGG-1,2
CAGCTAGATGTGAC-1,1
CAGCTCTGAGGCGA-1,2
CAGCTCTGCAAGCT-1,3
CAGCTCTGTCGTAG-1,1
CAGCTCTGTGTGGT-1,3
CAGGAACTAACTGC-1,2
CAGGAACTCTCAGA-1,1
CAGGCCGAACACCA-1,2
CAGGCCGAACACGT-1,2
CAGGCCGAACGACT-1,2
CAGGCCGAATCTCT-1,1
CAGGCCGACTAGCA-1,5
CAGGGCACCATACG-1,5
CAGGGCACCCAACA-1,2
CAGGGCACTCCCGT-1,2
CAGGTAACAGACTC-1,1
CAGGTATGAGTCGT-1,2
CAGGTATGTGCTTT-1,2
CAGGTTGAGGATCT-1,5
CAGTGATGGACGGA-1,5
CAGTGATGGCTAAC-1,3
CAGTGATGGGACAG-1,2
CAGTGATGTAAGGA-1,5
CAGTGATGTACGCA-1,5
CAGTGTGAACACGT-1,3
CAGTGTGATGTCAG-1,2
CAGTTACTAAGGTA-1,5
CAGTTACTGATAGA-1,2
CAGTTGGAAAGAGT-1,1
CAGTTGGACATACG-1,2
CAGTTTACACACGT-1,3
CAGTTTACCCCAAA-1,2
CATAAAACGGAGCA-1,1
CATAAATGAACTGC-1,2
CATAACCTTCTCCG-1,2
CATACTACCTCGAA-1,2
CATACTACCTGAAC-1,2
CATACTACGTACCA-1,1
CATACTTGGGTTAC-1,1
CATAGTCTAATCGC-1,2
CATAGTCTCACTTT-1,2
CATATAGACTAAGC-1,1
CATATAGATCAGGT-1,5
CATCAACTAGAAGT-1,2
CATCAACTCCCTCA-1,2
CATCAGGACTTCCG-1,3
CATCAGGATAGCCA-1,3
CATCAGGATCCTAT-1,1
CATCAGGATGCACA-1,1
CATCAGGATTTCGT-1,1
CATCATACCGCATA-1,1
CATCATACGGAGCA-1,5
CATCATACTCAAGC-1,2
CATCGCTGGGATCT-1,2
CATCGCTGTGGCAT-1,5
CATCGGCTATGCTG-1,2
CATCGGCTTTGGCA-1,2
CATCTCCTATGTGC-1,5
CATCTCCTCGAACT-1,1
CATGAGACACGGGA-1,5
CATGAGACGTTGAC-1,3
CATGAGACTCGCCT-1,2
CATGCCACGGGTGA-1,2
CATGCCACTGCCAA-1,2
CATGCGCTAGTCAC-1,1
CATGCGCTCAGATC-1,1
CATGCGCTTTGCAG-1,1
CATGGCCTAGGGTG-1,1
CATGGCCTGTGCAT-1,2
CATGTACTATCGTG-1,3
CATGTTACAGTCGT-1,2
CATGTTACCTGAGT-1,2
CATGTTTGGGGATG-1,1
CATTACACACGGAG-1,5
CATTACACCAACTG-1,3
CATTACACGGAGTG-1,2
CATTACACTACTCT-1,2
CATTAGCTCCACAA-1,1
CATTGACTAGCGGA-1,1
CATTGGGACTCGAA-1,2
CATTGTACAGCGTT-1,2
CATTGTACTCGATG-1,5
CATTGTACTTATCC-1,2
CATTGTACTTTGCT-1,1
CATTGTTGCTAGTG-1,2
CATTTCGACTCTAT-1,2
CATTTCGAGATACC-1,3
CATTTGACCACACA-1,3
CATTTGACCCTGAA-1,2
CATTTGTGACGACT-1,5
CATTTGTGCATTGG-1,2
CATTTGTGCGGAGA-1,2
CATTTGTGGGATCT-1,5
CCAAAGTGCTACGA-1,1
CCAAAGTGTGAGAA-1,1
CCAACCTGAAGTAG-1,3
CCAACCTGACGTAC-1,1
CCAACCTGTTCGCC-1,1
CCAAGAACCCAATG-1,2
CCAAGAACGTAGCT-1,2
CCAAGAACGTGTCA-1,2
CCAAGAACTACTGG-1,3
CCAAGAACTCCTAT-1,5
CCAAGATGTCATTC-1,2
CCAAGATGTTTCAC-1,2
CCAAGTGAGGAACG-1,2
CCAAGTGATCAAGC-1,2
CCAATGGAACAGCT-1,1
CCAATTTGAACGTC-1,1
CCACCATGAACGTC-1,2
CCACCATGATCGGT-1,2
CCACCATGGACGAG-1,1
CCACCATGGGGAGT-1,2
CCACCATGTCCTGC-1,3
CCACTGACCCGCTT-1,1
CCACTGTGGGAAGC-1,1
CCACTGTGTGTAGC-1,2
CCACTTCTCGGGAA-1,1
CCAGAAACCCTGTC-1,5
CCAGAAACGAACTC-1,2
CCAGAAACGGTCTA-1,2
CCAGACCTCTGAGT-1,1
CCAGACCTTGTGGT-1,2
CCAGCACTGCGATT-1,1
CCAGCGGAAAGGCG-1,1
CCAGCGGACGACTA-1,1
CCAGCGGATGGGAG-1,2
CCAGCTACACAGTC-1,2
CCAGCTACCAGCTA-1,5
CCAGGTCTACACCA-1,5
CCAGGTCTAGCATC-1,1
CCAGGTCTATGGTC-1,2
CCAGTCACACTGGT-1,1
CCAGTCACACTGTG-1,5
CCAGTCACGTTGTG-1,2
CCAGTCTGCGGAGA-1,5
CCAGTGCTAACCAC-1,2
CCAGTGCTCGTAGT-1,2
CCATCCGAAAGCAA-1,2
CCATCCGAACGACT-1,2
CCATCCGAAGGTTC-1,5
CCATCCGATTCGCC-1,1
CCATCGTGAACGGG-1,2
CCATCGTGCTAGAC-1,1
CCCAACACCTCGCT-1,5
CCCAACACGCATCA-1,2
CCCAACACTTTGTC-1,1
CCCAACTGCAATCG-1,1
CCCAGACTGCCTTC-1,1
CCCAGACTGGTTTG-1,5
CCCAGACTTTCGCC-1,1
CCCAGTTGCAGTTG-1,1
CCCAGTTGGGTACT-1,2
CCCAGTTGTCTATC-1,5
CCCGATTGTGTTTC-1,2
CCCGGAGAAGGGTG-1,1
CCCTACGAATTGGC-1,1
CCCTAGTGCAAAGA-1,2
CCCTCAGACACTTT-1,5
CCCTCAGACGAGAG-1,2
CCCTCAGAGGTCAT-1,2
CCCTGAACTAAAGG-1,5
CCCTGATGCAACCA-1,2
CCCTGATGCAAGCT-1,5
CCCTTACTAACCAC-1,1
CCCTTACTGCAGTT-1,2
CCGAAAACCTTGTT-1,1
CCGACACTGGTTTG-1,2
CCGACTACCCAGTA-1,1
CCGACTACCGTGTA-1,2
CCGACTACTGAGGG-1,2
CCGATAGACCTAAG-1,2
CCGATAGAGTTGGT-1,1
CCGCGAGACACACA-1,1
CCGCGAGAGGTTCA-1,2
CCGCTATGGGACGA-1,5
CCGCTATGTGCAAC-1,1
CCGCTATGTGCACA-1,1
CCGGTACTGTCCTC-1,2
CCGTACACAAGCAA-1,2
CCGTACACAGCGTT-1,5
CCGTACACGTCATG-1,3
CCGTACACGTTGGT-1,1
CCGTACACTAACGC-1,2
CCTAAACTTTCGTT-1,2
CCTAAGGACCCAAA-1,2
CCTAAGGACTAGCA-1,1
CCTAAGGAGGGCAA-1,2
CCTAAGGATGATGC-1,2
CCTAAGGATGTCAG-1,2
CCTACCGACTCTTA-1,2
CCTACCGAGGGATG-1,5
CCTAGAGAGGTGAG-1,5
CCTATAACCAAAGA-1,2
CCTATAACGAGACG-1,1
CCTATAACTCAGAC-1,2
CCTATAACTGCATG-1,1
CCTCGAACACTTTC-1,3
CCTCGAACCCGTAA-1,1
CCTCGAACGTATCG-1,2
CCTCGAACTTACTC-1,2
CCTCTACTCTTCGC-1,1
CCTCTACTGGCATT-1,2
CCTGACTGAAGTAG-1,2
CCTGACTGGGGAGT-1,2
CCTGACTGTGTCTT-1,5
CCTGCAACACGTTG-1,1
CCTGGACTCGTGAT-1,2
CCTTAATGCCCAAA-1,5
CCTTAATGTTCTAC-1,1
CCTTCACTACGACT-1,2
CCTTCACTCAGTCA-1,5
CCTTCACTGGAGTG-1,1
CCTTTAGATTCATC-1,1
CGAACATGCCCTAC-1,1
CGAACATGTCAGAC-1,2
CGAAGACTGGAACG-1,2
CGAAGACTGTTACG-1,2
CGAAGGGAAACCTG-1,3
CGAAGGGATCCGAA-1,5
CGAAGTACCAACTG-1,5
CGAATCGAGGAGCA-1,1
CGAATCGAGGAGGT-1,2
CGACAAACCCATAG-1,2
CGACAAACCGACAT-1,5
CGACCACTAAAGTG-1,3
CGACCACTGCCAAT-1,3
CGACCGGAAGGTCT-1,2
CGACCGGATGGAAA-1,2
CGACCTTGCTAGTG-1,2
CGACCTTGGCAAGG-1,2
CGACGTCTATCGTG-1,2
CGACGTCTCGTGTA-1,2
CGACGTCTGAGGCA-1,2
CGACTCACGTCGTA-1,2
CGACTCACGTTGCA-1,2
CGACTCTGTGTGAC-1,2
CGACTGCTTCCTCG-1,1
CGAGAACTAAGGCG-1,2
CGAGAACTACGTTG-1,2
CGAGAACTTGTTCT-1,1
CGAGATTGGACACT-1,3
CGAGATTGGCCATA-1,3
CGAGCCGAACACCA-1,2
CGAGCCGACGACAT-1,2
CGAGCCGAGGCGAA-1,2
CGAGCGTGCTCCAC-1,2
CGAGCGTGGATACC-1,2
CGAGCGTGTATGCG-1,1
CGAGGAGACCTCCA-1,5
CGAGGAGATGTCGA-1,2
CGAGGCACCTATGG-1,3
CGAGGCACTATGCG-1,1
CGAGGCACTCTTCA-1,2
CGAGGCTGACGCTA-1,3
CGAGGCTGGCAGTT-1,1
CGAGGGCTACGACT-1,5
CGAGGGCTCGAATC-1,2
CGAGTATGTCACCC-1,1
CGATACGAACAGTC-1,1
CGATACGACAGGAG-1,3
CGATACGATTCACT-1,5
CGATAGACCCGTAA-1,1
CGATAGACCGTACA-1,2
CGATAGACGTAGGG-1,1
CGATAGACTGTTCT-1,2
CGATCAGAAGAACA-1,2
CGATCAGAGAGGGT-1,2
CGATCAGAGGTACT-1,2
CGATCAGATGTGAC-1,1
CGATCCACCGGGAA-1,3
CGATCCACTTCCAT-1,5
CGCAAATGCTCGAA-1,2
CGCAACCTCCTTGC-1,2
CGCAACCTGGACGA-1,2
CGCACGGAGGACGA-1,5
CGCACGGATCTTTG-1,2
CGCACTACAGAATG-1,2
CGCACTACAGCCAT-1,2
CGCACTACATTGGC-1,2
CGCACTACTCGCCT-1,5
CGCACTACTCGTGA-1,2
CGCACTTGTCACGA-1,1
CGCAGGACAGATCC-1,2
CGCAGGACCTACTT-1,2
CGCAGGACTTGTCT-1,1
CGCAGGTGCACTGA-1,2
CGCAGGTGCCATAG-1,1
CGCAGGTGGGAACG-1,2
CGCATAGATCACGA-1,1
CGCCATACTGCAAC-1,2
CGCCATTGAGAGGC-1,2
CGCCATTGCTATGG-1,2
CGCCATTGGAGACG-1,2
CGCCATTGGAGCAG-1,5
CGCCATTGTACTGG-1,5
CGCCGAGAGCTTAG-1,3
CGCCTAACGAATGA-1,1
CGCCTAACTGCTCC-1,2
CGCGAGACACAGCT-1,2
CGCGAGACAGGTCT-1,5
CGCGAGACGCTACA-1,2
CGCGATCTCAGTCA-1,1
CGCGATCTGTTGAC-1,1
CGCGATCTTTCTTG-1,5
CGCGGATGGCCAAT-1,2
CGCTAAGAATGTCG-1,2
CGCTAAGACAACTG-1,2
CGCTAAGACCCTTG-1,2
CGCTACTGAACAGA-1,1
CGCTACTGAGAACA-1,2
CGCTACTGTGAGCT-1,2
CGCTACTGTTCCCG-1,3
CGCTCATGCATTTC-1,1
CGGAATTGCACTAG-1,2
CGGAATTGGTTTGG-1,2
CGGAATTGTGGAGG-1,2
CGGACCGATGCGTA-1,3
CGGACCGATGGGAG-1,2
CGGACTCTAAACAG-1,5
CGGACTCTCCAATG-1,2
CGGACTCTCCTCGT-1,3
CGGAGGCTATTCCT-1,2
CGGAGGCTTGGATC-1,2
CGGATAACAACGAA-1,1
CGGATAACAGCTCA-1,2
CGGATAACTCAGTG-1,1
CGGCACGAACTCAG-1,2
CGGCACGAAGGGTG-1,2
CGGCACGACTACGA-1,1
CGGCATCTTAGAAG-1,2
CGGCATCTTCGTAG-1,1
CGGCCAGAAAGGTA-1,2
CGGCCAGAGAGGCA-1,3
CGGCGAACCAGTCA-1,1
CGGCGAACGACAAA-1,3
CGGCGAACGGTCTA-1,2
CGGCGAACTACTTC-1,3
CGGGACTGCGTGTA-1,2
CGGGACTGGAATAG-1,2
CGGGCATGACCCAA-1,2
CGGGCATGTCTCTA-1,3
CGGGCATGTTGTGG-1,2
CGGTAAACTCGCAA-1,2
CGGTCACTGTTTGG-1,2
CGGTCACTTACTTC-1,2
CGTAACGAATCAGC-1,2
CGTAACGATCGCCT-1,2
CGTACCACACACAC-1,2
CGTACCACACGTTG-1,2
CGTACCACCTCATT-1,2
CGTACCACGCTACA-1,2
CGTACCACGGAGCA-1,2
CGTACCTGGACGAG-1,1
CGTACCTGGCATCA-1,3
CGTAGCCTCTCTCG-1,1
CGTAGCCTGCGAAG-1,2
CGTAGCCTGTATGC-1,1
CGTCAAGAAAGGTA-1,1
CGTCAAGAACGTGT-1,2
CGTCAAGACAGAGG-1,2
CGTCAAGACAGGAG-1,3
CGTCCATGCTCTTA-1,2
CGTCGACTTTCCGC-1,2
CGTGATGACGCTAA-1,2
CGTGATGAGGTTCA-1,2
CGTGCACTTATGGC-1,1
CGTGTAGAAAAACG-1,2
CGTGTAGACGATAC-1,3
CGTGTAGAGTTACG-1,3
CGTGTAGAGTTCAG-1,1
CGTGTAGATTCGGA-1,3
CGTTAGGAAACCAC-1,2
CGTTAGGATCATTC-1,1
CGTTATACCCTGAA-1,3
CGTTTAACTGGTCA-1,2
CTAAACCTCTGACA-1,3
CTAAACCTGTGCAT-1,5
CTAACACTAACGTC-1,2
CTAACACTAGTGCT-1,1
CTAACGGAACCGAT-1,3
CTAACGGATTTCTG-1,2
CTAACTACGGCAAG-1,2
CTAAGGACACCATG-1,2
CTAAGGACCGTTAG-1,2
CTAAGGACGCCATA-1,1
CTAAGGTGCCTAAG-1,5
CTAAGGTGTTGCAG-1,2
CTAAGGTGTTTCTG-1,2
CTAATAGAGCTATG-1,2
CTAATGCTTGTGGT-1,1
CTACAACTCCCGTT-1,3
CTACCTCTCAACCA-1,2
CTACGCACACCTAG-1,1
CTACGCACTCTCCG-1,2
CTACGCACTGGTCA-1,3
CTACGGCTTTCTTG-1,1
CTACTATGAACCAC-1,1
CTACTATGATGTGC-1,1
CTACTATGCTAAGC-1,2
CTACTATGTAAAGG-1,5
CTACTCCTATGTCG-1,3
CTACTCCTGCCATA-1,1
CTAGAGACACTTTC-1,2
CTAGAGACAGCATC-1,3
CTAGAGACTTTGGG-1,1
CTAGATCTCTCTAT-1,2
CTAGATCTTCGACA-1,2
CTAGGATGAGCCTA-1,5
CTAGGATGATCGTG-1,5
CTAGGCCTCTCAGA-1,2
CTAGGTGATGGTTG-1,1
CTAGTTACCAGAGG-1,2
CTAGTTACCGCATA-1,2
CTAGTTACGAAACA-1,3
CTAGTTTGAGTACC-1,3
CTATAAGATCGTTT-1,5
CTATACTGAGGTTC-1,1
CTATACTGCCAGTA-1,2
CTATACTGCGCTAA-1,1
CTATACTGCTACGA-1,3
CTATACTGTCTCAT-1,3
CTATACTGTTCGTT-1,2
CTATAGCTGTCACA-1,2
CTATAGCTTCGCTC-1,1
CTATAGCTTGCCTC-1,1
CTATCAACGAACTC-1,2
CTATCAACGCAGAG-1,2
CTATCAACTTTGGG-1,2
CTATCCCTCCACCT-1,1
CTATGTACGAGAGC-1,2
CTATGTACGCTTAG-1,2
CTATGTACTGTTTC-1,2
CTATGTTGAAAGCA-1,2
CTATGTTGTCCTCG-1,2
CTATGTTGTCTCGC-1,2
CTATTGACAAACGA-1,1
CTATTGACACTGGT-1,1
CTATTGACGGTGAG-1,1
CTATTGTGGCAAGG-1,2
CTCAATTGGTTCAG-1,2
CTCAATTGGTTGCA-1,1
CTCAGAGATAGAAG-1,2
CTCAGCACTCTAGG-1,2
CTCAGCACTGAACC-1,1
CTCAGCACTTGCAG-1,2
CTCAGCTGAACCTG-1,1
CTCAGCTGCAGTTG-1,2
CTCAGCTGTTTCTG-1,2
CTCAGGCTCGTTGA-1,1
CTCAGGCTGCTAAC-1,2
CTCATTGACCTTAT-1,2
CTCATTGATGCTTT-1,1
CTCATTGATTGCTT-1,1
CTCCACGAGAGATA-1,1
CTCCATCTCTTAGG-1,2
CTCCATCTGACGAG-1,2
CTCCGAACAAGTGA-1,1
CTCCTACTGCCTTC-1,1
CTCGAAGATGTGGT-1,2
CTCGAAGATTAGGC-1,1
CTCGACTGCTCTAT-1,2
CTCGACTGGGTGAG-1,2
CTCGACTGGTTGAC-1,3
CTCGAGCTCTGGAT-1,3
CTCGCATGACTTTC-1,2
CTCGCATGCTTAGG-1,2
CTCTAAACCTCGAA-1,2
CTCTAAACGGCGAA-1,2
CTCTAATGTCCAAG-1,1
CTGAACGACAGTCA-1,2
CTGAACGATGAGGG-1,2
CTGAAGACCCAACA-1,2
CTGAAGACGTGCAT-1,5
CTGAAGTGAAGCCT-1,1
CTGAAGTGCAGCTA-1,5
CTGAAGTGGCTATG-1,2
CTGAAGTGTCCAGA-1,2
CTGAATCTGAATAG-1,2
CTGACAGAATCGTG-1,3
CTGACCACAGCAAA-1,2
CTGAGAACCGGGAA-1,2
CTGAGAACGTAAAG-1,3
CTGATACTAGTAGA-1,2
CTGATTTGGTGTTG-1,1
CTGCAGCTAACCGT-1,2
CTGCAGCTGACACT-1,2
CTGCAGCTGGATTC-1,1
CTGCAGCTTGGCAT-1,2
CTGCCAACAGGAGC-1,2
CTGCCAACCAGCTA-1,2
CTGCCAACTAACCG-1,1
CTGCCAACTGCTCC-1,2
CTGCCAACTTGCAG-1,2
CTGCCAACTTGCTT-1,2
CTGCGACTCCACCT-1,2
CTGGAAACAAACGA-1,3
CTGGAAACATCGAC-1,2
CTGGATGACTGGAT-1,2
CTGGATGACTTGTT-1,2
CTGGATGATGTGAC-1,5
CTGGCACTCAAGCT-1,1
CTGGCACTGGACAG-1,2
CTGTAACTAACCAC-1,2
CTGTAACTAGCGTT-1,2
CTGTATACGTAAAG-1,2
CTGTATACGTACGT-1,1
CTGTATACGTTGGT-1,2
CTGTGAGACAACCA-1,1
CTGTGAGACCTTGC-1,2
CTGTGAGACGAACT-1,1
CTGTGAGACTGTAG-1,1
CTTAAAGAACCTGA-1,2
CTTAACACCTGTAG-1,2
CTTAACACGAGCTT-1,2
CTTAACACTATCGG-1,5
CTTAAGCTACCTAG-1,2
CTTAAGCTAGTACC-1,2
CTTAAGCTCATCAG-1,2
CTTAAGCTCCGCTT-1,5
CTTAAGCTTCCTCG-1,2
CTTACAACTAACGC-1,2
CTTACAACTCCCGT-1,1
CTTACTGACGTACA-1,2
CTTAGACTAAACGA-1,2
CTTAGGGACTTGCC-1,2
CTTAGGGAGAATCC-1,2
CTTATCGACTCATT-1,2
CTTCACCTACCTGA-1,1
CTTCATGAAGCATC-1,5
CTTCATGAAGTACC-1,2
CTTCATGACCGAAT-1,2
CTTGAACTACGCAT-1,2
CTTGATTGAGGTTC-1,3
CTTGATTGATCTTC-1,1
CTTGATTGCATTCT-1,2
CTTGATTGTTTCGT-1,2
CTTGTATGACACCA-1,5
CTTGTATGCGCAAT-1,5
CTTTACGAGCGAAG-1,2
CTTTAGACCGTGAT-1,2
CTTTAGACGAGACG-1,2
CTTTAGACGATACC-1,2
CTTTAGACGTTGGT-1,2
CTTTAGACTCATTC-1,2
CTTTAGTGACGGGA-1,3
CTTTAGTGGGTGGA-1,2
CTTTCAGAGAAACA-1,2
CTTTGATGAGCACT-1,2
CTTTGATGTCTAGG-1,2
CTTTGATGTGTCCC-1,2
CTTTGATGTGTGGT-1,2
GAAACAGAACTACG-1,2
GAAACAGAATCACG-1,2
GAAACAGACATTCT-1,2
GAAACCTGATCGTG-1,2
GAAACCTGATGCCA-1,2
GAAACCTGCTTATC-1,2
GAAACCTGGACTAC-1,1
GAAACCTGTGCTAG-1,2
GAAAGATGATTTCC-1,2
GAAAGATGCTGATG-1,1
GAAAGATGCTTCGC-1,1
GAAAGATGTAAGGA-1,2
GAAAGATGTTTGCT-1,2
GAAAGCCTACGTTG-1,5
GAAAGTGAAAGTGA-1,1
GAAAGTGACCACAA-1,1
GAAAGTGACTCAAG-1,2
GAAATACTACCAAC-1,1
GAAATACTCTTAGG-1,5
GAAATACTTCCTCG-1,2
GAACACACGTGCAT-1,1
GAACACACTGCCTC-1,2
GAACAGCTAACTGC-1,1
GAACAGCTCTCAGA-1,1
GAACCAACCACAAC-1,2
GAACCAACTTCCGC-1,3
GAACCTGAACGTGT-1,2
GAACCTGAGAGACG-1,2
GAACCTGATGAACC-1,2
GAACGGGATACTTC-1,2
GAACGTTGACGGAG-1,3
GAACTGTGACCTGA-1,1
GAACTGTGCCAGTA-1,1
GAAGAATGCAATCG-1,2
GAAGCGGACCTATT-1,1
GAAGCTACGAATGA-1,1
GAAGCTACGGTTTG-1,2
GAAGGGTGAAAGTG-1,2
GAAGGGTGCTTAGG-1,1
GAAGGTCTGAAAGT-1,2
GAAGGTCTGTTGCA-1,2
GAAGGTCTTAAAGG-1,1
GAAGTAGACTCCCA-1,3
GAAGTAGATCCAAG-1,1
GAAGTCACCCTCGT-1,1
GAAGTCACCCTGTC-1,5
GAAGTCTGTCGCAA-1,5
GAAGTCTGTTCTGT-1,2
GAAGTGCTAAACGA-1,3
GAAGTGCTCCGCTT-1,1
GAAGTGCTTAACCG-1,2
GAATGCACCCTAAG-1,2
GAATGCACCTTCGC-1,3
GAATGCTGCGGTAT-1,2
GAATGGCTAAGATG-1,2
GAATTAACGATAAG-1,2
GAATTAACGGTCAT-1,2
GAATTAACGTCGTA-1,3
GAATTAACTGAAGA-1,5
GACAACACAGGCGA-1,2
GACAACACATCGTG-1,2
GACAACACTCGCCT-1,2
GACAACTGAGGTTC-1,2
GACAGGGAAGAGTA-1,5
GACAGGGAATGCCA-1,2
GACAGTACGAGCTT-1,1
GACAGTACTTCGGA-1,1
GACAGTTGAGTAGA-1,5
GACATTCTCCACCT-1,1
GACCAAACGACTAC-1,1
GACCAAACGTATCG-1,1
GACCATGACTCTCG-1,1
GACCCTACTAAAGG-1,5
GACCTAGACCTCAC-1,2
GACCTAGACGAGAG-1,2
GACCTCACAAGGTA-1,2
GACCTCACGTACGT-1,1
GACCTCTGCATCAG-1,2
GACGAACTCCCACT-1,2
GACGATTGCCAATG-1,5
GACGCCGACCTTCG-1,2
GACGCTCTCTCTCG-1,4
GACGGCACACGGGA-1,3
GACGGCACGAGATA-1,1
GACGTAACCTATGG-1,2
GACGTAACCTGTGA-1,2
GACGTAACTATGGC-1,2
GACGTATGTTGACG-1,2
GACGTATGTTTGCT-1,2
GACGTCCTACGGAG-1,2
GACGTCCTCTCAAG-1,1
GACGTCCTGATAAG-1,5
GACTACGATGGTCA-1,5
GACTCCTGCTCGCT-1,2
GACTCCTGGGTTAC-1,2
GACTCCTGTTATCC-1,2
GACTCCTGTTGGTG-1,1
GACTGAACAACCGT-1,5
GACTGAACCAATCG-1,1
GACTGATGTGATGC-1,2
GACTTTACATGCCA-1,2
GACTTTACGACAGG-1,5
GAGAAATGTTCTCA-1,5
GAGATAGAAAAAGC-1,1
GAGATCACGACAAA-1,1
GAGATGCTCTGGAT-1,2
GAGATGCTGAATGA-1,2
GAGCAGGATTCCCG-1,2
GAGCATACTTTGCT-1,1
GAGCGCACGCGTAT-1,1
GAGCGCACGGTGAG-1,2
GAGCGCTGAAGATG-1,3
GAGCGCTGTCTTAC-1,1
GAGCGGCTGGGAGT-1,5
GAGGACGACTCAGA-1,2
GAGGATCTGAAAGT-1,5
GAGGCAGACTTGCC-1,3
GAGGGAACACCAGT-1,2
GAGGGAACGAGGGT-1,2
GAGGGATGGGAAAT-1,2
GAGGGCCTTCACCC-1,2
GAGGGTGAAGAGTA-1,2
GAGGTACTACGGTT-1,2
GAGGTACTACTCAG-1,1
GAGGTACTGACACT-1,3
GAGGTACTGGGAGT-1,2
GAGGTACTTAGCGT-1,1
GAGGTGGAGTACGT-1,2
GAGGTGGATCCTCG-1,3
GAGGTTACTCGTTT-1,1
GAGGTTTGTAAGCC-1,1
GAGTCAACCATTCT-1,2
GAGTCAACGGGAGT-1,2
GAGTCTGATCGTGA-1,2
GAGTCTGATTTGGG-1,5
GAGTGACTCAGCTA-1,2
GAGTGACTCGGTAT-1,2
GAGTGACTCTTGCC-1,5
GAGTGACTGACTAC-1,5
GAGTGACTGTCTAG-1,2
GAGTGGGAGTCTTT-1,5
GAGTGGGATGCCCT-1,2
GAGTGGGATGCTGA-1,5
GAGTGTTGCTGTAG-1,2
GAGTGTTGTGGTCA-1,2
GAGTTGTGCATGGT-1,1
GAGTTGTGCTGAGT-1,2
GAGTTGTGGCGAGA-1,1
GAGTTGTGGTAGCT-1,4
GAGTTGTGTATGCG-1,1
GATAAGGAGAAACA-1,1
GATAAGGATTCACT-1,1
GATACTCTATCGGT-1,2
GATACTCTTACTTC-1,2
GATACTCTTGACTG-1,1
GATAGAGAAGGGTG-1,3
GATAGAGACTGTGA-1,2
GATAGAGATCACGA-1,1
GATAGCACCCATAG-1,2
GATAGCACGAAGGC-1,1
GATAGCACTTGTCT-1,2
GATATAACAAGGTA-1,2
GATATAACACGCAT-1,2
GATATATGCTGGAT-1,2
GATATATGTCCGTC-1,3
GATATATGTGGAGG-1,1
GATATCCTAGAAGT-1,2
GATATCCTCCCGTT-1,1
GATATTGACAGGAG-1,2
GATATTGACGAGTT-1,1
GATATTGAGCCAAT-1,2
GATCCCTGACCTTT-1,3
GATCCCTGTGTAGC-1,2
GATCCGCTGGTCAT-1,1
GATCGAACCGAGAG-1,2
GATCGATGACTAGC-1,5
GATCGATGGTAAAG-1,5
GATCGATGTAAGGA-1,1
GATCGTGACACTAG-1,2
GATCGTGATTCACT-1,2
GATCTACTGGTGAG-1,2
GATCTACTTTGCAG-1,5
GATCTTACACCCAA-1,1
GATCTTACCCTACC-1,2
GATCTTACGAATAG-1,1
GATCTTACGAGATA-1,1
GATGCAACTCCAGA-1,2
GATGCCCTACGTAC-1,2
GATGCCCTCTCATT-1,2
GATGCCCTGGCAAG-1,1
GATGCCCTTTTGCT-1,2
GATTACCTTGTTCT-1,2
GATTCGGAACGACT-1,2
GATTCGGACAGGAG-1,1
GATTCGGAGAAGGC-1,1
GATTCTTGATTCGG-1,1
GATTCTTGCCGATA-1,2
GATTCTTGCGAGTT-1,5
GATTGGACCCGTTC-1,5
GATTGGACGGTGTT-1,5
GATTGGACTTTCGT-1,5
GATTGGTGTGTCAG-1,2
GATTTAGACACTCC-1,1
GATTTAGACTAAGC-1,5
GATTTAGATTCGTT-1,1
GATTTGCTAACGAA-1,2
GATTTGCTAACGGG-1,1
GCAACCCTCCTCGT-1,1
GCAACTGATTGCGA-1,2
GCAAGACTACTGGT-1,2
GCAAGACTAGGTCT-1,2
GCAAGACTCCCTTG-1,2
GCAATCGACTGCAA-1,2
GCAATCGAGACGTT-1,1
GCAATCGATCCTTA-1,1
GCAATTCTCGTGTA-1,2
GCAATTCTTCTCCG-1,2
GCACAAACAATGCC-1,2
GCACAAACGGTACT-1,2
GCACAATGGTGCAT-1,1
GCACACCTGTGCTA-1,3
GCACCACTCATGAC-1,1
GCACCACTGTTTGG-1,1
GCACCACTTCCTTA-1,3
GCACCACTTTCGGA-1,1
GCACCTACGCGATT-1,2
GCACCTTGGCTGTA-1,2
GCACCTTGGGGAGT-1,1
GCACGGACCAGCTA-1,2
GCACGGTGACCTCC-1,2
GCACGGTGCTATGG-1,1
GCACTAGAACGGGA-1,2
GCACTAGAAGATGA-1,5
GCACTAGACCTTTA-1,1
GCACTAGACGTAAC-1,5
GCACTAGAGTCGTA-1,3
GCACTAGATGCAAC-1,2
GCACTGCTGAGGCA-1,2
GCAGATACAGCGTT-1,2
GCAGATACGACGGA-1,2
GCAGATACGCAGAG-1,2
GCAGCCGACAGTCA-1,2
GCAGCGTGCACTCC-1,2
GCAGCTCTCAATCG-1,2
GCAGCTCTGTTTCT-1,2
GCAGGGCTAAGAAC-1,2
GCAGGGCTAAGGGC-1,2
GCAGGGCTATCGAC-1,3
GCAGGGCTTGGGAG-1,2
GCAGTCCTAACTGC-1,2
GCAGTCCTCTCTTA-1,2
GCATCAGATGCGTA-1,2
GCATGTGACAAGCT-1,2
GCATTGGAGAAGGC-1,2
GCCAAAACGAGGCA-1,3
GCCAAATGATCGAC-1,2
GCCAACCTACGGTT-1,2
GCCAACCTCGCCTT-1,2
GCCACGGAGGCGAA-1,1
GCCACGGATACTGG-1,2
GCCACTACCTACTT-1,5
GCCACTACGTCTTT-1,2
GCCCAACTACCGAT-1,2
GCCCAACTATGGTC-1,2
GCCCATACAGCGTT-1,2
GCCGACGAACTCTT-1,1
GCCGAGTGCGTTGA-1,2
GCCGGAACGAACTC-1,2
GCCGGAACGTTCTT-1,3
GCCGGAACTGCACA-1,3
GCCGGAACTTACTC-1,2
GCCGTACTACCTGA-1,2
GCCGTACTGGCAAG-1,1
GCCTACACAGTTCG-1,3
GCCTACACCACTGA-1,1
GCCTACACCTTGAG-1,2
GCCTAGCTACGGAG-1,5
GCCTAGCTCTATTC-1,2
GCCTAGCTTCTCAT-1,2
GCCTAGCTTCTCTA-1,1
GCCTCAACCATGGT-1,2
GCCTCAACTCTTTG-1,3
GCCTCATGTCTTAC-1,2
GCCTGACTCTCAAG-1,1
GCGAAGGAACTCTT-1,2
GCGAAGGAGAGCTT-1,3
GCGAAGGATGCCAA-1,2
GCGAGAGAGGGACA-1,2
GCGAGCACTGTCGA-1,5
GCGAGCACTTGACG-1,2
GCGAGCACTTGCTT-1,1
GCGATATGGTACGT-1,2
GCGATATGGTGTTG-1,2
GCGCACGAAGTCGT-1,2
GCGCACGACTTTAC-1,1
GCGCATCTAGGTCT-1,2
GCGCATCTGGTTAC-1,2
GCGCATCTTCGATG-1,2
GCGCATCTTGCTCC-1,3
GCGCATCTTTCTAC-1,2
GCGCGAACGTTCTT-1,5
GCGCGATGAACGGG-1,2
GCGCGATGGTGCAT-1,3
GCGGAGCTCCTGAA-1,2
GCGGCAACCCGATA-1,2
GCGGCAACGGAGGT-1,5
GCGGCAACTGTCGA-1,1
GCGTAAACACGGTT-1,1
GCGTAATGCACCAA-1,1
GCGTATGAACACCA-1,2
GCGTATGATGAGAA-1,1
GCTACAGAAAGGTA-1,2
GCTACAGAATCTTC-1,5
GCTACAGATCTTAC-1,2
GCTACCTGAGAAGT-1,1
GCTACCTGATCACG-1,2
GCTACGCTAGAATG-1,2
GCTACGCTAGCTAC-1,2
GCTACGCTCCCTAC-1,2
GCTAGAACAGAGGC-1,5
GCTAGAACGGATCT-1,2
GCTAGAACTCCCGT-1,2
GCTAGATGAGCTCA-1,1
GCTAGATGGCGATT-1,2
GCTATACTAAGGCG-1,2
GCTATACTAGCGTT-1,2
GCTATACTCTCTTA-1,2
GCTATACTGGACGA-1,2
GCTCAAGAACCATG-1,1
GCTCAAGAAGTCAC-1,1
GCTCAGCTGTCTAG-1,2
GCTCCATGAGAAGT-1,3
GCTCCATGCCGAAT-1,2
GCTCGACTCTAGTG-1,1
GCTGATGAGGTATC-1,1
GCTTAACTACAGTC-1,1
GCTTAACTACTGGT-1,3
GCTTAACTGCTGAT-1,2
GCTTAACTTAGACC-1,1
GCTTAACTTCAGTG-1,2
GGAACACTCACTTT-1,1
GGAACACTTCAGAC-1,4
GGAACTACTACTTC-1,2
GGAACTTGAAGGTA-1,1
GGAACTTGAGAATG-1,2
GGAACTTGCTCCAC-1,1
GGAACTTGGGTAGG-1,5
GGAAGGACATCGGT-1,1
GGAAGGACCACTAG-1,2
GGAAGGACGAGGGT-1,2
GGAAGGACGCGAAG-1,2
GGAAGGTGGCGAGA-1,3
GGAATCTGAAGGGC-1,2
GGAATCTGAGGAGC-1,2
GGAATCTGCTTAGG-1,5
GGAATCTGCTTGTT-1,1
GGAATCTGGGAGGT-1,2
GGAATGCTTTCTAC-1,2
GGACAGGAAAGGGC-1,2
GGACAGGAGTGCTA-1,5
GGACAGGATCTCGC-1,2
GGACCCGAAGCTAC-1,1
GGACCGTGCTTACT-1,1
GGACCGTGGGAACG-1,1
GGACCGTGTAACGC-1,2
GGACCTCTGTAAGA-1,1
GGACCTCTTTTCTG-1,3
GGACGAGAGTGTCA-1,1
GGACGCTGACGCAT-1,2
GGACGCTGCTAGCA-1,2
GGACGCTGTCCTCG-1,3
GGAGAGACGTGAGG-1,2
GGAGCAGATTCAGG-1,5
GGAGCCACCTTCTA-1,5
GGAGCGCTACGCAT-1,1
GGAGCGCTCCGAAT-1,2
GGAGGATGCCACCT-1,2
GGAGGATGGTTGAC-1,1
GGAGGATGTCAGTG-1,1
GGAGGCCTCGTTGA-1,3
GGAGGCCTTTCTTG-1,2
GGAGGTGATACGCA-1,2
GGAGGTGATCGCTC-1,2
GGATACTGCAGCTA-1,2
GGATACTGTCTAGG-1,2
GGATAGCTCGTCTC-1,2
GGATAGCTCTGAAC-1,2
GGATGTACCAAAGA-1,5
GGATGTACGCGAAG-1,2
GGATGTACGTCTTT-1,1
GGATGTACGTGTCA-1,2
GGATTTCTAGGTTC-1,2
GGATTTCTTTGTCT-1,1
GGCAAGGAAAAAGC-1,3
GGCAAGGAAGAAGT-1,2
GGCAAGGACTTGGA-1,1
GGCAAGGAGGACTT-1,2
GGCAATACGCTAAC-1,5
GGCAATACGGCATT-1,2
GGCAATACGTTTCT-1,5
GGCACGTGGCTTAG-1,1
GGCACGTGTGAGAA-1,3
GGCACTCTTTTGTC-1,2
GGCATATGCTTATC-1,3
GGCATATGGGGAGT-1,4
GGCATATGTGTGAC-1,2
GGCCACGACAGAGG-1,2
GGCCAGACTGGTTG-1,2
GGCCCAGAAAGTAG-1,1
GGCCGAACAACGAA-1,2
GGCCGAACGCAGAG-1,2
GGCCGAACGTAGGG-1,2
GGCCGAACTCTAGG-1,3
GGCCGATGCAGGAG-1,2
GGCCGATGCCGAAT-1,2
GGCCGATGTACTCT-1,2
GGCGACACTGCCCT-1,2
GGCGACTGCGTAAC-1,2
GGCGCATGCCTAAG-1,1
GGCGCATGCTCCAC-1,2
GGCGCATGTGGAAA-1,2
GGCGGACTAGAGGC-1,2
GGCGGACTAGGAGC-1,2
GGCGGACTCTGACA-1,2
GGCGGACTCTTGGA-1,3
GGCGGACTTACTGG-1,2
GGCGGACTTGAACC-1,2
GGCTAAACACCTGA-1,3
GGCTAAACTCTTAC-1,2
GGCTAATGAGCACT-1,2
GGCTAATGGTCTAG-1,2
GGCTCACTACTCAG-1,1
GGGAACGAAGCTCA-1,1
GGGAACGACACAAC-1,5
GGGAACGAGTGTCA-1,1
GGGAAGTGTTGAGC-1,1
GGGACCACACGTTG-1,3
GGGACCACAGAACA-1,2
GGGACCACGAATAG-1,2
GGGACCACGTCATG-1,2
GGGACCACTCAAGC-1,2
GGGACCACTCGTGA-1,2
GGGACCACTGCATG-1,2
GGGACCTGACCCTC-1,1
GGGACCTGCTTGCC-1,2
GGGACCTGTGGAGG-1,5
GGGATGGACGACAT-1,5
GGGATGGATACTTC-1,2
GGGATGGATGGTTG-1,1
GGGATTACGTCTAG-1,2
GGGCAAGATGCATG-1,1
GGGCACACGGTGAG-1,1
GGGCACACGTTGCA-1,2
GGGCAGCTTGGGAG-1,2
GGGCAGCTTTTCTG-1,2
GGGCCAACCTTGGA-1,1
GGGCCAACGCGTTA-1,5
GGGCCAACTACGCA-1,1
GGGCCAACTCCAAG-1,5
GGGCCATGATGGTC-1,2
GGGCCATGTTGACG-1,2
GGGTAACTCAGCTA-1,2
GGGTAACTCTAGTG-1,5
GGGTAACTCTGGAT-1,2
GGGTTAACGTGCAT-1,3
GGTAAAGAGCTAAC-1,3
GGTACAACTGCAAC-1,2
GGTACATGAAAGCA-1,5
GGTACATGAGCTCA-1,2
GGTACATGCGGTAT-1,2
GGTACATGGTTACG-1,2
GGTACATGTGGGAG-1,2
GGTACTGAACTCTT-1,1
GGTAGTACACCACA-1,2
GGTAGTACACTAGC-1,1
GGTAGTACCCTGTC-1,2
GGTAGTACGCCATA-1,1
GGTAGTACTGTCTT-1,2
GGTATCGAGACAAA-1,1
GGTATCGATGAACC-1,5
GGTCAAACCAAAGA-1,2
GGTCTAGAGAAACA-1,1
GGTCTAGATAGCGT-1,1
GGTGATACCGACTA-1,5
GGTGATACGACTAC-1,1
GGTGATACTGTTTC-1,2
GGTGGAGAAACGGG-1,3
GGTGGAGAAGTAGA-1,2
GGTGGAGACAGATC-1,3
GGTGGAGATCGATG-1,2
GGTGGAGATCTCTA-1,1
GGTGGAGATTACTC-1,3
GGTTTACTACGCAT-1,3
GTAACGTGACCTCC-1,1
GTAACGTGATCGGT-1,5
GTAACGTGCAGCTA-1,5
GTAACGTGGTTGAC-1,5
GTAAGCACAACGGG-1,2
GTAAGCACTCATTC-1,5
GTAAGCTGGTACCA-1,1
GTAATAACCTTCTA-1,1
GTAATAACGTTGTG-1,2
GTACCCTGACAGTC-1,1
GTACCCTGGAGCTT-1,2
GTACCCTGTCCTTA-1,3
GTACCCTGTGAACC-1,2
GTACGTGAACGTTG-1,2
GTACTTTGTCGACA-1,2
GTAGACTGAGATGA-1,1
GTAGACTGTATTCC-1,2
GTAGCAACAGTCGT-1,1
GTAGCAACCATTTC-1,5
GTAGCAACGGTAGG-1,1
GTAGCATGCACTCC-1,5
GTAGCATGTAAGCC-1,1
GTAGCCCTGACGTT-1,2
GTAGCTGAAGCTAC-1,1
GTAGCTGAATTCGG-1,2
GTAGGTACACGGGA-1,1
GTAGTGACCTCATT-1,2
GTAGTGTGAGCGGA-1,3
GTAGTGTGAGGCGA-1,1
GTAGTGTGTGGTTG-1,2
GTATCACTGGTAGG-1,1
GTATCTACAGAAGT-1,3
GTATCTACGACGAG-1,2
GTATCTACGTTACG-1,2
GTATTAGAAACAGA-1,3
GTATTAGAGGTCTA-1,2
GTATTCACACAGCT-1,2
GTATTCACGGGTGA-1,2
GTCAACGACACTGA-1,2
GTCAACGAGTGTAC-1,1
GTCAACGATCAGGT-1,3
GTCAATCTACACCA-1,2
GTCAATCTGTAGCT-1,3
GTCAATCTTGTGGT-1,2
GTCACCTGCCTCCA-1,2
GTCACCTGTCCCGT-1,2
GTCATACTAATCGC-1,5
GTCATACTGCGATT-1,3
GTCATACTTCGCCT-1,4
GTCATACTTTACCT-1,2
GTCATACTTTGACG-1,2
GTCCAAGAAAAACG-1,2
GTCCACTGACCTCC-1,2
GTCCACTGGGTACT-1,1
GTCCAGCTACGGGA-1,2
GTCCCATGTGGTGT-1,1
GTCGAATGAAGGCG-1,1
GTCGACCTGAATGA-1,3
GTCGACCTGTTCAG-1,2
GTCGCACTTGAGAA-1,5
GTCTAACTGGTCTA-1,1
GTCTAGGAGCTTCC-1,1
GTGAACACACTCTT-1,2
GTGAACACAGATCC-1,2
GTGAACACTCAGGT-1,2
GTGACCCTTAAGCC-1,2
GTGATGACAAGTGA-1,2
GTGATGACCTGAGT-1,5
GTGATGACGGTTTG-1,2
GTGATTCTCATTTC-1,2
GTGATTCTCTCTCG-1,1
GTGATTCTGGTTCA-1,3
GTGATTCTGTCGAT-1,2
GTGATTCTTAGCGT-1,5
GTGCCACTCAGGAG-1,2
GTGGATTGCACTAG-1,1
GTGGATTGCGGAGA-1,2
GTGGATTGTAACGC-1,2
GTGTACGATCAGTG-1,2
GTGTAGTGGGTACT-1,2
GTGTATCTAGCCTA-1,5
GTGTATCTAGTAGA-1,2
GTGTATCTGTTACG-1,5
GTGTCAGAAGCGTT-1,3
GTGTCAGAATGCTG-1,2
GTTAAAACCGAGAG-1,3
GTTAAAACTTCGCC-1,2
GTTAAATGCTCGAA-1,2
GTTAAATGTCGACA-1,5
GTTAACCTAGCTAC-1,2
GTTAACCTTGCTTT-1,1
GTTAGGTGCACTCC-1,2
GTTAGGTGCCAGTA-1,1
GTTAGGTGCCCAAA-1,1
GTTAGGTGGAACTC-1,5
GTTAGTCTAAGAAC-1,2
GTTATAGAGGACAG-1,2
GTTATGCTTTCATC-1,2
GTTCAACTGGGACA-1,3
GTTCAACTTATGCG-1,2
GTTGACGAGCCCTT-1,3
GTTGACGATATCGG-1,3
GTTGAGTGGTCTTT-1,1
GTTGAGTGTGCTTT-1,2
GTTGATCTGGGACA-1,2
GTTGATCTTTTCAC-1,3
GTTGGATGTTTACC-1,1
GTTGTACTATTCCT-1,1
GTTGTACTTTTGGG-1,2
GTTTAAGACCATGA-1,1
GTTTAAGACTGTCC-1,2
TAAACAACCAACCA-1,2
TAAACAACGAATCC-1,5
TAAAGACTCAGGAG-1,2
TAAATCGATGAGGG-1,2
TAACAATGTGCCCT-1,5
TAACACCTTCGCTC-1,1
TAACACCTTCGTAG-1,1
TAACACCTTGTTTC-1,4
TAACATGACACTAG-1,2
TAACCGGACTTACT-1,2
TAACGTCTCAACCA-1,1
TAACGTCTCATTGG-1,2
TAACTAGAATTTCC-1,2
TAACTAGACTTAGG-1,2
TAACTAGATCTGGA-1,2
TAACTCACGAGGAC-1,1
TAACTCACGTACAC-1,5
TAACTCACGTATCG-1,1
TAACTCACTCTACT-1,3
TAAGAACTGTGTCA-1,1
TAAGAGGACTAAGC-1,5
TAAGAGGACTTGTT-1,3
TAAGATACCCACAA-1,2
TAAGATACGGTTCA-1,1
TAAGATTGCGTAGT-1,2
TAAGATTGTTGCTT-1,2
TAAGCGTGAGGTTC-1,1
TAAGCGTGGACAAA-1,1
TAAGCGTGGGAAAT-1,2
TAAGCGTGTGCTCC-1,1
TAAGGCTGCCATGA-1,2
TAAGGCTGCTGCTC-1,2
TAAGGCTGTCTCGC-1,1
TAAGGGCTGCTGTA-1,2
TAAGGGCTTTACTC-1,2
TAAGTAACCGAGAG-1,5
TAAGTAACCTCCAC-1,5
TAAGTAACCTGTAG-1,2
TAAGTAACTTGTCT-1,2
TAATGATGAGCGGA-1,2
TAATGCCTCATGAC-1,2
TAATGCCTCGTCTC-1,3
TAATGTGAAGATGA-1,2
TAATGTGACTGCAA-1,1
TAATGTGATTACTC-1,2
TACAAATGGGTACT-1,2
TACAATGAAAACAG-1,1
TACAATGACTTAGG-1,2
TACAATGATGCTAG-1,2
TACACACTCACACA-1,2
TACACACTCTTACT-1,2
TACATAGAACGCAT-1,2
TACATCACACGGGA-1,2
TACATCACCTGTTT-1,1
TACATCACGCTAAC-1,5
TACATCACTGAACC-1,1
TACCATTGAGGTTC-1,2
TACCATTGCGGGAA-1,1
TACCATTGGGGATG-1,1
TACCATTGTGAGGG-1,1
TACCGGCTGTTGGT-1,2
TACGAGTGATCTCT-1,2
TACGAGTGATGCTG-1,1
TACGAGTGCGGAGA-1,2
TACGAGTGGTTGGT-1,2
TACGATCTAGTGTC-1,2
TACGATCTCACTGA-1,1
TACGATCTTACGAC-1,2
TACGCAGACGTCTC-1,5
TACGCAGAGAATCC-1,3
TACGCCACATTCCT-1,2
TACGCCACTCCCAC-1,1
TACGCCACTCCGAA-1,5
TACGCGCTCTTCTA-1,2
TACGGAACGCGTTA-1,5
TACGGCCTGGGACA-1,3
TACGGCCTGTCCTC-1,2
TACGTACTACGGAG-1,2
TACGTACTCAGTTG-1,2
TACGTACTCCCGTT-1,5
TACGTTACAGAAGT-1,2
TACGTTACCAAGCT-1,1
TACTAAGAAAGGTA-1,5
TACTAAGAATCACG-1,2
TACTAAGATGATGC-1,1
TACTAAGATTGCGA-1,2
TACTACACGAGAGC-1,2
TACTACACTTACCT-1,5
TACTACTGAACCTG-1,1
TACTACTGATGTCG-1,3
TACTACTGATTCTC-1,2
TACTACTGTATGGC-1,2
TACTCAACGGTCTA-1,1
TACTCAACTGCTAG-1,5
TACTCCCTCAGTTG-1,2
TACTCTGAATCGAC-1,3
TACTCTGACGAGTT-1,2
TACTCTGATTGACG-1,5
TACTGGGATCGATG-1,2
TACTGTTGAAAGCA-1,2
TACTGTTGAGGCGA-1,3
TACTGTTGCTGAAC-1,5
TACTTGACTCCTCG-1,2
TACTTGACTGGTGT-1,5
TACTTTCTTTTGGG-1,2
TAGAAACTAATCGC-1,2
TAGAAACTGCTTCC-1,1
TAGAAACTGGGATG-1,3
TAGAATTGCGACAT-1,2
TAGAATTGTATCGG-1,2
TAGACGTGCTTGAG-1,2
TAGACGTGTCGCTC-1,2
TAGAGCACCTTACT-1,5
TAGATTGACTTGTT-1,5
TAGATTGAGGCATT-1,2
TAGCATCTCAGCTA-1,3
TAGCATCTCCCTCA-1,2
TAGCATCTGCTGTA-1,1
TAGCATCTGGGACA-1,2
TAGCATCTTGTCGA-1,2
TAGCCCACAAAAGC-1,2
TAGCCCACAGCCAT-1,2
TAGCCCACAGCTAC-1,3
TAGCCCACCCACAA-1,2
TAGCCCTGCGGAGA-1,2
TAGCCGCTTACGAC-1,2
TAGCCGCTTACTTC-1,2
TAGCCGCTTTCCAT-1,1
TAGCTACTGAATAG-1,5
TAGCTACTGTAGCT-1,2
TAGCTACTTTTGCT-1,2
TAGGACTGTGCTGA-1,2
TAGGAGCTAAGGCG-1,5
TAGGAGCTGAGGGT-1,2
TAGGAGCTTGCATG-1,5
TAGGCAACCGTCTC-1,5
TAGGCATGCTCTCG-1,3
TAGGCATGGCGAGA-1,2
TAGGCTGATGCCTC-1,1
TAGGGACTGAACTC-1,3
TAGGTCGACACTGA-1,2
TAGGTCGAGGATCT-1,5
TAGGTGACACACTG-1,2
TAGGTGACACGTTG-1,5
TAGGTGTGTTCTGT-1,2
TAGGTTCTGAAGGC-1,2
TAGGTTCTTCTTAC-1,1
TAGGTTCTTGCTGA-1,1
TAGTAAACCTCGCT-1,2
TAGTAAACGTCACA-1,2
TAGTAATGAGATCC-1,2
TAGTACCTAAGAAC-1,1
TAGTATGATCTTAC-1,5
TAGTATGATTCTCA-1,2
TAGTCTTGGCTGTA-1,2
TAGTCTTGGGACTT-1,2
TAGTCTTGTGGAAA-1,3
TAGTGGTGAAGTGA-1,3
TAGTTAGAACCACA-1,3
TAGTTAGATGAACC-1,2
TATAAGACAACAGA-1,2
TATAAGACAGCTCA-1,1
TATAAGTGACACCA-1,1
TATAAGTGTATCGG-1,1
TATAAGTGTGGTGT-1,1
TATACAGAACCCTC-1,2
TATACAGAAGAACA-1,2
TATACAGATCCAGA-1,2
TATACCACCTGATG-1,5
TATACGCTACCAAC-1,2
TATAGATGGACGGA-1,2
TATAGATGTTCCGC-1,1
TATCACTGACTGTG-1,1
TATCCAACCAGCTA-1,1
TATCCAACTCTCTA-1,2
TATCGACTACTAGC-1,2
TATCGACTCGATAC-1,1
TATCGTACAGATGA-1,2
TATCGTACATTCCT-1,1
TATCTCGAGAGATA-1,2
TATCTGACAGGTTC-1,3
TATCTGACTGTTTC-1,2
TATCTTCTAAACAG-1,2
TATGAATGGAGGAC-1,3
TATGAATGTTTGCT-1,1
TATGCGGATAACCG-1,2
TATGGGTGCATCAG-1,3
TATGGGTGCTAGCA-1,5
TATGGTCTCTACCC-1,2
TATGTCACGGAACG-1,5
TATGTCACTAACCG-1,1
TATGTCACTTCTCA-1,5
TATGTGCTCCGATA-1,1
TATGTGCTGGATTC-1,2
TATTGCTGAAGAAC-1,1
TATTGCTGCCGTTC-1,5
TATTGCTGTCTGGA-1,2
TATTGCTGTGCACA-1,2
TATTTCCTATTGGC-1,1
TATTTCCTGGAGGT-1,3
TATTTCCTGGTGTT-1,2
TCAACACTGTTTGG-1,3
TCAAGGACAGCGTT-1,2
TCAAGGACATTCTC-1,3
TCAAGGACGGTGTT-1,1
TCAATCACACTCTT-1,3
TCAATCACAGTCGT-1,1
TCACAACTATGTGC-1,2
TCACAACTTTGCTT-1,1
TCACATACACTTTC-1,2
TCACATACAGGGTG-1,2
TCACCCGAGACGGA-1,1
TCACCGTGCTCGCT-1,1
TCACCTCTACGACT-1,2
TCACCTCTTCCAAG-1,1
TCACGAGAGGAGGT-1,5
TCACTATGGGGCAA-1,2
TCACTATGGTTGTG-1,5
TCAGACGACGCTAA-1,2
TCAGACGACGTTAG-1,3
TCAGAGACTCCAGA-1,2
TCAGCAGACTCCAC-1,2
TCAGCGCTCTAGTG-1,2
TCAGCGCTGGATCT-1,5
TCAGCGCTGGTATC-1,2
TCAGGATGAAGTAG-1,2
TCAGGATGCCTTTA-1,1
TCAGTGGAAGATCC-1,3
TCAGTTACCTACGA-1,1
TCAGTTACTAGAAG-1,2
TCATCAACCCGATA-1,2
TCATCAACTGTTCT-1,1
TCATCATGCAGTTG-1,2
TCATCCCTTACTGG-1,2
TCATTCGATACAGC-1,1
TCCACGTGGAAACA-1,2
TCCACTCTACACTG-1,2
TCCACTCTGAGCTT-1,1
TCCACTCTTACTTC-1,5
TCCATAACAAAGTG-1,2
TCCATAACCGTAGT-1,5
TCCATAACGATGAA-1,2
TCCATAACTACGCA-1,2
TCCATCCTCCCTAC-1,3
TCCCACGATCATTC-1,2
TCCCATCTCAAAGA-1,1
TCCCGAACACAGTC-1,3
TCCCGAACTTCGCC-1,1
TCCCGATGAGATCC-1,2
TCCCGATGCCTGAA-1,1
TCCCGATGCTGTGA-1,2
TCCCTACTCAACTG-1,5
TCCGAAGACAATCG-1,1
TCCGAAGACGTTAG-1,2
TCCGGACTGAGGTG-1,2
TCCGGACTGTACGT-1,2
TCCTAAACATCGAC-1,2
TCCTAAACCGAGAG-1,2
TCCTAAACCGCATA-1,3
TCCTAATGGTTTGG-1,3
TCCTACCTGTCGTA-1,2
TCCTATGAAAAGCA-1,3
TCGAATCTCTGGTA-1,2
TCGACCTGCCGATA-1,1
TCGACGCTTCTATC-1,1
TCGACGCTTTGACG-1,2
TCGAGAACGACAGG-1,2
TCGAGAACGTTAGC-1,2
TCGAGCCTATCAGC-1,5
TCGAGCCTGCGAGA-1,2
TCGAGCCTTGTGAC-1,2
TCGATACTATTCCT-1,2
TCGATACTTGCACA-1,2
TCGATTTGATGCCA-1,1
TCGATTTGCACTCC-1,2
TCGATTTGCAGCTA-1,3
TCGATTTGCCTACC-1,1
TCGATTTGTCGTGA-1,5
TCGCACACCATCAG-1,1
TCGCAGCTAGATCC-1,2
TCGCCATGAGACTC-1,2
TCGCCATGTGGTCA-1,5
TCGGACCTAACAGA-1,2
TCGGACCTATAAGG-1,5
TCGGACCTGTACAC-1,2
TCGGTAGAGTAGGG-1,2
TCGGTAGATCCCAC-1,5
TCGTAGGATCGACA-1,2
TCGTGAGAACTGTG-1,5
TCGTTATGGACAAA-1,2
TCTAACACCAGTTG-1,3
TCTAACACGAGCAG-1,1
TCTAACTGAACCAC-1,2
TCTAAGCTAATGCC-1,2
TCTAAGCTTAGTCG-1,3
TCTAAGCTTCTAGG-1,1
TCTAAGCTTGTTCT-1,1
TCTAAGCTTTCGCC-1,5
TCTACAACGACTAC-1,1
TCTAGACTTAGAAG-1,1
TCTAGTTGCACCAA-1,1
TCTATGTGAAGAGT-1,1
TCTATGTGAGTCTG-1,2
TCTCAAACCTAAGC-1,5
TCTCTAGAATTTCC-1,2
TCTGATACACGTGT-1,2
TCTGATACTCGCCT-1,2
TCTTACGAACCTGA-1,1
TCTTCAGAGCTACA-1,1
TCTTGATGCGGAGA-1,2
TGAAATTGGTGAGG-1,1
TGAACCGAAAACGA-1,2
TGAACCGACTACTT-1,1
TGAACCGATTCGGA-1,1
TGAAGCACTCACGA-1,2
TGAAGCTGAACGAA-1,2
TGAAGCTGAGACTC-1,2
TGAAGCTGCATGGT-1,5
TGAAGCTGCGTAAC-1,2
TGAATAACCACTTT-1,2
TGAATAACTCCCAC-1,3
TGACACGACCTTAT-1,5
TGACCAGACAACCA-1,2
TGACCAGAGGATTC-1,2
TGACCGCTAAAAGC-1,2
TGACCGCTCTGCAA-1,2
TGACGATGCAAAGA-1,1
TGACGCCTGTACCA-1,2
TGACGCCTTTACTC-1,2
TGACTGGAAGAGAT-1,1
TGACTGGACCGTAA-1,2
TGACTGGACGCAAT-1,2
TGACTGGAGGACAG-1,5
TGACTGGATTCTCA-1,2
TGACTTACACACCA-1,2
TGACTTACAGTCTG-1,1
TGACTTTGCGCATA-1,2
TGACTTTGTTTGTC-1,2
TGAGACACAAGGTA-1,2
TGAGACACTCAAGC-1,2
TGAGACACTGTGCA-1,2
TGAGCTGAATGCTG-1,1
TGAGCTGACTGGAT-1,1
TGAGCTGAGCGAGA-1,2
TGAGCTGATGCTAG-1,1
TGAGGACTCTCATT-1,1
TGAGGACTTCATTC-1,2
TGAGGTACGAACCT-1,1
TGAGTCGAGTTACG-1,5
TGAGTGACTGAGCT-1,2
TGATAAACGAATCC-1,2
TGATAAACTCCGTC-1,3
TGATAAACTTTCAC-1,2
TGATACCTCACTAG-1,1
TGATACCTGTTGGT-1,2
TGATACCTTATGCG-1,2
TGATACCTTGAAGA-1,2
TGATATGAACCTTT-1,2
TGATCACTAGCATC-1,2
TGATCACTCTCGCT-1,2
TGATCACTTCTACT-1,5
TGATCGGACTGACA-1,1
TGATCGGAGGAGCA-1,5
TGATCGGATATGCG-1,1
TGATTAGACATTGG-1,2
TGATTAGATGACTG-1,5
TGATTAGATGCTAG-1,2
TGATTCACTATGCG-1,2
TGATTCACTGTCAG-1,5
TGATTCTGCCGAAT-1,2
TGATTCTGCTCTTA-1,2
TGCAAGTGAGAACA-1,2
TGCAAGTGGGTAGG-1,1
TGCAATCTTCAGGT-1,1
TGCACAGACGACAT-1,3
TGCCAAGAGCAGTT-1,1
TGCCAAGATCTCTA-1,2
TGCCACTGAACGTC-1,2
TGCCACTGCGATAC-1,3
TGCCAGCTTGGCAT-1,2
TGCCCAACAGCAAA-1,2
TGCCCAACCGCATA-1,1
TGCCGACTCTCCCA-1,5
TGCGAAACAGTCAC-1,5
TGCGAAACGTTGCA-1,5
TGCGATGAACGGTT-1,2
TGCGATGACCTCGT-1,2
TGCGATGACTAGTG-1,5
TGCGATGACTGCTC-1,5
TGCGATGACTTGCC-1,5
TGCGATGAGTGCTA-1,1
TGCGCACTCTTGAG-1,1
TGCGTAGAATAAGG-1,1
TGCGTAGACGGGAA-1,5
TGCGTAGATGGTCA-1,1
TGCTAGGAAACCGT-1,2
TGCTAGGATAGTCG-1,2
TGCTATACGGTTCA-1,1
TGCTATACTGCTGA-1,2
TGCTGAGAGAGCAG-1,3
TGCTGAGATTATCC-1,2
TGGAAAGACTCTCG-1,5
TGGAAAGAGCGATT-1,2
TGGAAAGAGGTCAT-1,1
TGGAAAGATATGGC-1,2
TGGAACACAAACAG-1,3
TGGAACACGCTAAC-1,2
TGGAAGCTCAGATC-1,2
TGGACCCTACACTG-1,1
TGGACCCTCATGGT-1,2
TGGACCCTGGTACT-1,1
TGGACTGAGTATGC-1,2
TGGAGACTATCAGC-1,1
TGGAGACTGAAACA-1,2
TGGAGACTTCAAGC-1,2
TGGAGACTTGACCA-1,3
TGGAGGGACGGAGA-1,1
TGGAGGGAGCTATG-1,2
TGGATCGATAAAGG-1,2
TGGATGTGACCTAG-1,5
TGGATGTGATGTCG-1,2
TGGATGTGTGAAGA-1,5
TGGATTCTCATACG-1,2
TGGCAATGCTTGTT-1,5
TGGCAATGGAGGGT-1,2
TGGCACCTTCACGA-1,2
TGGCACCTTCAGTG-1,1
TGGGTATGAAGAGT-1,2
TGGGTATGCACAAC-1,2
TGGGTATGGTACGT-1,5
TGGGTATGTTTGGG-1,1
TGGTAGACATGCCA-1,2
TGGTAGACCCTCAC-1,3
TGGTAGACCTGATG-1,2
TGGTAGTGCACTGA-1,1
TGGTATCTAAACAG-1,2
TGGTATCTCTTCCG-1,2
TGGTCAGACCCAAA-1,2
TGGTCAGACCGTTC-1,3
TGGTTACTGACGTT-1,1
TGGTTACTGTTCTT-1,2
TGTAACCTAGAGGC-1,2
TGTAACCTTGCCTC-1,1
TGTAATGACACAAC-1,3
TGTAATGAGGTAAA-1,3
TGTACTTGCTCTAT-1,1
TGTAGGTGCGAGAG-1,5
TGTAGGTGCTATGG-1,2
TGTAGGTGCTCTAT-1,1
TGTAGGTGTGCTGA-1,2
TGTAGTCTTCCAGA-1,2
TGTAGTCTTGCACA-1,2
TGTATCTGTTAGGC-1,2
TGTATGCTCATGGT-1,5
TGTATGCTGTAGGG-1,2
TGTATGCTTTCATC-1,2
TGTCAGGAATACCG-1,2
TGTCAGGAGATGAA-1,1
TGTCTAACCCCTTG-1,2
TGTGACGATTCTCA-1,2
TGTGAGACTGTCAG-1,1
TGTGAGACTTGAGC-1,2
TGTGAGTGACCACA-1,2
TGTGAGTGAGTGCT-1,1
TGTGAGTGGAGATA-1,2
TGTGATCTCTCTAT-1,5
TGTGATCTGACACT-1,2
TGTGGATGGCCAAT-1,5
TGTTAAGACAAAGA-1,1
TGTTAAGATAAGGA-1,1
TGTTAAGATTGGCA-1,1
TGTTACACCGCATA-1,1
TGTTACACGACTAC-1,1
TGTTACTGGCTACA-1,2
TGTTACTGTAGTCG-1,3
TTAACCACCGTAAC-1,2
TTAACCACTAAGGA-1,2
TTAACCACTCAGAC-1,2
TTACACACGTGTTG-1,2
TTACACACTCCTAT-1,2
TTACCATGAATCGC-1,1
TTACCATGGTTGAC-1,2
TTACCATGTGTCTT-1,3
TTACCATGTTGTGG-1,5
TTACGACTGAGAGC-1,2
TTACGACTTGACAC-1,1
TTACGTACGTTCAG-1,4
TTACTCGAACGTTG-1,3
TTACTCGAAGAATG-1,1
TTACTCGACGCAAT-1,1
TTACTCGAGGGTGA-1,2
TTACTCGATCTACT-1,3
TTAGAATGTGGTGT-1,2
TTAGAATGTGTAGC-1,2
TTAGACCTCCTACC-1,2
TTAGACCTCCTTTA-1,1
TTAGCTACAACCGT-1,2
TTAGCTACTGTCCC-1,1
TTAGCTACTTTCGT-1,2
TTAGGGACGCGAAG-1,2
TTAGGGTGCTGGAT-1,5
TTAGGGTGTCCTGC-1,1
TTAGGTCTACTTTC-1,1
TTAGTCACCAGTTG-1,2
TTAGTCTGAAAGCA-1,5
TTAGTCTGCCAACA-1,3
TTAGTCTGTGCACA-1,2
TTATCCGACTAGTG-1,5
TTATCCGAGAAAGT-1,1
TTATGAGAGATAAG-1,2
TTATGCACGTCACA-1,5
TTATGGCTTATGGC-1,1
TTATTCCTATGCTG-1,1
TTATTCCTGGACAG-1,5
TTATTCCTGGTACT-1,5
TTATTCCTTCGTGA-1,2
TTCAAAGATAAAGG-1,2
TTCAACACAACAGA-1,2
TTCAACACCCCAAA-1,1
TTCAACACGGACGA-1,1
TTCAAGCTAAGAAC-1,1
TTCAAGCTAGATGA-1,2
TTCAAGCTGTTGAC-1,2
TTCAAGCTTCCAAG-1,2
TTCAAGCTTGATGC-1,2
TTCAAGCTTTCGCC-1,2
TTCACAACCCGTTC-1,1
TTCACAACGTCTGA-1,1
TTCAGACTACCCAA-1,2
TTCAGACTCTCGAA-1,2
TTCAGTACCGACTA-1,2
TTCAGTACTCAAGC-1,2
TTCAGTACTCCTAT-1,1
TTCAGTTGCCAAGT-1,2
TTCAGTTGTCCTTA-1,1
TTCAGTTGTCTAGG-1,2
TTCAGTTGTCTCGC-1,5
TTCATCGAGGTGGA-1,1
TTCATGTGTGGTGT-1,2
TTCATTCTATGTCG-1,1
TTCATTCTTCTCTA-1,2
TTCCAAACCTATGG-1,1
TTCCAAACCTCCCA-1,5
TTCCAAACTCCCAC-1,3
TTCCAAACTTGACG-1,3
TTCCATGACGAGAG-1,1
TTCCATGACTGTCC-1,2
TTCCCACTTGAGGG-1,3
TTCCCACTTGTCTT-1,1
TTCCTAGAAAGTGA-1,2
TTCCTAGACTAGTG-1,1
TTCGAGGACTCTAT-1,2
TTCGAGGAGGGCAA-1,2
TTCGAGGATAGAAG-1,1
TTCGATTGAGCATC-1,2
TTCGGAGAATGCCA-1,1
TTCGGAGATGTGCA-1,2
TTCGTATGAAAAGC-1,3
TTCGTATGGATAGA-1,3
TTCGTATGGTCTGA-1,2
TTCGTATGTCCTTA-1,1
TTCTACGAACGTAC-1,2
TTCTACGAGTTGGT-1,2
TTCTAGTGACACGT-1,2
TTCTAGTGCATGAC-1,1
TTCTAGTGGAGAGC-1,3
TTCTAGTGGTCACA-1,1
TTCTCAGAAGAGAT-1,2
TTCTCAGAAGCATC-1,5
TTCTCAGATGGAGG-1,2
TTCTGATGGAGACG-1,3
TTCTTACTCTGGAT-1,1
TTGAACCTCCTTGC-1,5
TTGAATGAACTACG-1,1
TTGAATGACTTACT-1,2
TTGAATGATCTCAT-1,5
TTGACACTCTGTAG-1,2
TTGACACTGATAAG-1,5
TTGAGGACAGAACA-1,1
TTGAGGACTACGCA-1,1
TTGAGGTGGACGGA-1,2
TTGCATTGAGCTAC-1,2
TTGCATTGCTAAGC-1,1
TTGCATTGTGACTG-1,2
TTGCTAACACCAAC-1,2
TTGCTAACACGCTA-1,1
TTGCTAACCACTCC-1,2
TTGCTATGGTACGT-1,1
TTGCTATGGTAGGG-1,1
TTGGAGACCAATCG-1,2
TTGGAGACGCTATG-1,1
TTGGAGACTATGGC-1,5
TTGGGAACTGAACC-1,2
TTGGTACTACTGGT-1,1
TTGGTACTCTTAGG-1,2
TTGGTACTGAATCC-1,5
TTGGTACTGGATTC-1,5
TTGTACACGTTGTG-1,5
TTGTACACTTGCAG-1,2
TTGTAGCTAGCTCA-1,2
TTGTAGCTCTCTTA-1,5
TTGTCATGGACGGA-1,3
TTTAGAGATCCTCG-1,5
TTTAGCTGATACCG-1,2
TTTAGCTGGATACC-1,1
TTTAGCTGTACTCT-1,1
TTTAGGCTCCTTTA-1,1
TTTATCCTGTTGTG-1,1
TTTCACGAGGTTCA-1,2
TTTCAGTGGAAGGC-1,2
TTTCAGTGTCACGA-1,5
TTTCAGTGTCTATC-1,1
TTTCAGTGTGCAGT-1,5
TTTCCAGAGGTGAG-1,2
TTTCGAACACCTGA-1,5
TTTCGAACTCTCAT-1,1
TTTCTACTGAGGCA-1,5
TTTCTACTTCCTCG-1,5
TTTGCATGAGAGGC-1,5
TTTGCATGCCTCAC-1,2
